# ************************************************************
# Sequel Pro SQL dump
# Version 4541
#
# http://www.sequelpro.com/
# https://github.com/sequelpro/sequelpro
#
# Host: localhost (MySQL 5.5.5-10.2.6-MariaDB)
# Database: express
# Generation Time: 2017-10-19 17:55:01 +0000
# ************************************************************


/*!40101 SET @OLD_CHARACTER_SET_CLIENT=@@CHARACTER_SET_CLIENT */;
/*!40101 SET @OLD_CHARACTER_SET_RESULTS=@@CHARACTER_SET_RESULTS */;
/*!40101 SET @OLD_COLLATION_CONNECTION=@@COLLATION_CONNECTION */;
/*!40101 SET NAMES utf8 */;
/*!40014 SET @OLD_FOREIGN_KEY_CHECKS=@@FOREIGN_KEY_CHECKS, FOREIGN_KEY_CHECKS=0 */;
/*!40101 SET @OLD_SQL_MODE=@@SQL_MODE, SQL_MODE='NO_AUTO_VALUE_ON_ZERO' */;
/*!40111 SET @OLD_SQL_NOTES=@@SQL_NOTES, SQL_NOTES=0 */;


# Dump of table details
# ------------------------------------------------------------

DROP TABLE IF EXISTS `details`;

CREATE TABLE `details` (
  `id` int(10) unsigned NOT NULL AUTO_INCREMENT,
  `product_id` int(10) unsigned NOT NULL,
  `one` varchar(255) COLLATE utf8_unicode_ci NOT NULL,
  `two` varchar(255) COLLATE utf8_unicode_ci NOT NULL,
  `three` varchar(255) COLLATE utf8_unicode_ci NOT NULL,
  `four` varchar(255) COLLATE utf8_unicode_ci NOT NULL,
  `five` varchar(255) COLLATE utf8_unicode_ci NOT NULL,
  `created_at` timestamp NULL DEFAULT NULL,
  `updated_at` timestamp NULL DEFAULT NULL,
  `six` varchar(255) COLLATE utf8_unicode_ci NOT NULL,
  `seven` varchar(255) COLLATE utf8_unicode_ci NOT NULL,
  `eight` varchar(255) COLLATE utf8_unicode_ci NOT NULL,
  `nine` varchar(255) COLLATE utf8_unicode_ci NOT NULL,
  `ten` varchar(255) COLLATE utf8_unicode_ci NOT NULL,
  PRIMARY KEY (`id`),
  KEY `details_product_id_foreign` (`product_id`),
  CONSTRAINT `details_product_id_foreign` FOREIGN KEY (`product_id`) REFERENCES `products` (`id`) ON DELETE CASCADE
) ENGINE=InnoDB DEFAULT CHARSET=utf8 COLLATE=utf8_unicode_ci;

LOCK TABLES `details` WRITE;
/*!40000 ALTER TABLE `details` DISABLE KEYS */;

INSERT INTO `details` (`id`, `product_id`, `one`, `two`, `three`, `four`, `five`, `created_at`, `updated_at`, `six`, `seven`, `eight`, `nine`, `ten`)
VALUES
	(1,1,'','1 Unique Design','2-3 Revisions','1 Dedicated Designer','Satisfaction Guarantee','2017-09-12 10:10:54','2017-09-12 10:10:54','','','','',''),
	(2,2,'Double Sided','1 Unique Design','2-3 Revisions','1 Dedicated Designer','Satisfaction Guarantee','2017-09-12 10:10:54','2017-09-12 10:10:54','','','','',''),
	(3,3,'','3-5 Unique Designs','2-3 Revisions','1 Dedicated Designer','Satisfaction Guarantee','2017-09-12 10:10:54','2017-09-12 10:10:54','','','','',''),
	(4,4,'Double Sided','1 Unique Design','2 Revisions','1 Dedicated Designer','Satisfaction Guarantee','2017-09-12 10:10:54','2017-09-12 10:10:54','','','','',''),
	(5,5,'Double Sided','1 Unique Design','2-3 Revisions','1 Dedicated Designer','Satisfaction Guarantee','2017-09-12 10:10:54','2017-09-12 10:10:54','','','','',''),
	(6,6,'Double Sided','1 Unique Design','2 Revisions','1 Dedicated Designer','Satisfaction Guarantee','2017-09-12 10:10:54','2017-09-12 10:10:54','','','','',''),
	(7,7,'','1 Unique Design','2-3 Revisions','1 Dedicated Designer','Satisfaction Guarantee','2017-09-12 10:10:54','2017-09-12 10:10:54','','','','',''),
	(9,9,'Single Sided','1 Unique Design','2-3 Revisions','1 Dedicated Designer','Satisfaction Guarantee','2017-09-12 10:10:54','2017-09-12 10:10:54','','','','',''),
	(15,10,'Simple Page Layout','1 Unique Design','2 Revisions','Responsive Design','12 Months Hosting + Management','2017-09-25 11:29:56','2017-09-25 11:29:56','Custom Coding','Speed Optimized','Satisfaction Guarantee','',''),
	(16,16,'1 Initial Draft','2 Revisions','.mov or mp4','Voice Over + Music included','Satisfaction Guarantee','2017-10-05 14:51:16','2017-10-05 14:51:16','','','','',''),
	(17,18,'1 Initial Draft','2 Revisions','.mov or mp4','Voice Over + Music included','Satisfaction Guarantee','2017-10-05 14:51:16','2017-10-05 14:51:16','','','','',''),
	(18,17,'Up To 5 Pages','1 Unique Design','2 Revisions','Responsive Design','12 Months Hosting + Management','2017-09-25 11:29:56','2017-09-25 11:29:56','Custom Coding','Speed Optimized','Satisfaction Guarantee','',''),
	(19,19,'1 Initial Draft','2 Revisitons','WORD','Satisfaction Guarantee','','2017-09-25 11:29:56','2017-09-25 11:29:56','','','','',''),
	(21,20,'','1 Unique Design','2-3 Revisions','1 Dedicated Designer','Satisfaction Guarantee','2017-09-12 10:10:54','2017-09-12 10:10:54','','','','','');

/*!40000 ALTER TABLE `details` ENABLE KEYS */;
UNLOCK TABLES;


# Dump of table images
# ------------------------------------------------------------

DROP TABLE IF EXISTS `images`;

CREATE TABLE `images` (
  `id` int(10) unsigned NOT NULL AUTO_INCREMENT,
  `product_id` int(11) NOT NULL,
  `path` varchar(255) COLLATE utf8_unicode_ci NOT NULL DEFAULT '',
  `created_at` timestamp NULL DEFAULT NULL,
  `updated_at` timestamp NULL DEFAULT NULL,
  `data` varchar(255) COLLATE utf8_unicode_ci NOT NULL DEFAULT 'none',
  PRIMARY KEY (`id`)
) ENGINE=InnoDB DEFAULT CHARSET=utf8 COLLATE=utf8_unicode_ci;

LOCK TABLES `images` WRITE;
/*!40000 ALTER TABLE `images` DISABLE KEYS */;

INSERT INTO `images` (`id`, `product_id`, `path`, `created_at`, `updated_at`, `data`)
VALUES
	(1,3,'/assets/img/products/design/examples/logo/1.jpg','2017-09-19 10:15:08','2017-09-19 10:15:08','none'),
	(2,3,'/assets/img/products/design/examples/logo/2.jpg','2017-09-19 10:15:08','2017-09-19 10:15:08','none'),
	(3,3,'/assets/img/products/design/examples/logo/3.jpg','2017-09-19 10:15:08','2017-09-19 10:15:08','none'),
	(4,3,'/assets/img/products/design/examples/logo/4.jpg','2017-09-19 10:15:08','2017-09-19 10:15:08','none'),
	(6,4,'/assets/img/products/design/examples/brochure/brochure-1.jpg','2017-10-13 10:32:20','2017-10-13 10:32:20','none'),
	(7,4,'/assets/img/products/design/examples/brochure/brochure-2.jpg','2017-10-13 10:32:20','2017-10-13 10:32:20','none'),
	(8,4,'/assets/img/products/design/examples/brochure/brochure-3.jpg','2017-10-13 10:32:20','2017-10-13 10:32:20','none'),
	(9,4,'/assets/img/products/design/examples/brochure/brochure-4.jpg','2017-10-13 10:32:20','2017-10-13 10:32:20','none'),
	(10,4,'/assets/img/products/design/examples/brochure/brochure-5.jpg','2017-10-13 10:32:20','2017-10-13 10:32:20','none'),
	(11,4,'/assets/img/products/design/examples/brochure/brochure-6.jpg','2017-10-13 10:32:20','2017-10-13 10:32:20','none'),
	(12,6,'/assets/img/products/design/examples/flyer/flyer-1.jpg','2017-10-13 10:32:20','2017-10-13 10:32:20','none'),
	(13,6,'/assets/img/products/design/examples/flyer/flyer-2.jpg','2017-10-13 10:32:20','2017-10-13 10:32:20','none'),
	(14,6,'/assets/img/products/design/examples/flyer/flyer-3.jpg','2017-10-13 10:32:20','2017-10-13 10:32:20','none'),
	(15,6,'/assets/img/products/design/examples/flyer/flyer-4.jpg','2017-10-13 10:32:20','2017-10-13 10:32:20','none'),
	(16,6,'/assets/img/products/design/examples/flyer/flyer-5.jpg','2017-10-13 10:32:20','2017-10-13 10:32:20','none'),
	(17,6,'/assets/img/products/design/examples/flyer/flyer-6.jpg','2017-10-13 10:32:20','2017-10-13 10:32:20','none'),
	(18,9,'/assets/img/products/design/examples/poster/poster-1.jpg','2017-10-13 10:32:20','2017-10-13 10:32:20','none'),
	(19,9,'/assets/img/products/design/examples/poster/poster-2.jpg','2017-10-13 10:32:20','2017-10-13 10:32:20','none'),
	(20,9,'/assets/img/products/design/examples/poster/poster-3.jpg','2017-10-13 10:32:20','2017-10-13 10:32:20','none'),
	(21,9,'/assets/img/products/design/examples/poster/poster-4.jpg','2017-10-13 10:32:20','2017-10-13 10:32:20','none'),
	(22,9,'/assets/img/products/design/examples/poster/poster-5.jpg','2017-10-13 10:32:20','2017-10-13 10:32:20','none'),
	(23,9,'/assets/img/products/design/examples/poster/poster-6.jpg','2017-10-13 10:32:20','2017-10-13 10:32:20','none'),
	(24,9,'/assets/img/products/design/examples/poster/poster-7.jpg','2017-10-13 10:32:20','2017-10-13 10:32:20','none'),
	(25,9,'/assets/img/products/design/examples/poster/poster-8.jpg','2017-10-13 10:32:20','2017-10-13 10:32:20','none'),
	(26,9,'/assets/img/products/design/examples/poster/poster-9.jpg','2017-10-13 10:32:20','2017-10-13 10:32:20','none'),
	(27,9,'/assets/img/products/design/examples/poster/poster-10.jpg','2017-10-13 10:32:20','2017-10-13 10:32:20','none'),
	(28,2,'/assets/img/products/design/examples/cards/cards-1.jpg','2017-10-13 10:32:20','2017-10-13 10:32:20','none'),
	(29,2,'/assets/img/products/design/examples/cards/cards-2.jpg','2017-10-13 10:32:20','2017-10-13 10:32:20','none'),
	(30,2,'/assets/img/products/design/examples/cards/cards-3.jpg','2017-10-13 10:32:20','2017-10-13 10:32:20','none'),
	(31,2,'/assets/img/products/design/examples/cards/cards-4.jpg','2017-10-13 10:32:20','2017-10-13 10:32:20','none'),
	(32,2,'/assets/img/products/design/examples/cards/cards-5.jpg','2017-10-13 10:32:20','2017-10-13 10:32:20','none'),
	(33,2,'/assets/img/products/design/examples/cards/cards-7.jpg','2017-10-13 10:32:20','2017-10-13 10:32:20','none'),
	(34,2,'/assets/img/products/design/examples/cards/cards-8.jpg','2017-10-13 10:32:20','2017-10-13 10:32:20','none'),
	(35,2,'/assets/img/products/design/examples/cards/cards-9.jpg','2017-10-13 10:32:20','2017-10-13 10:32:20','none'),
	(36,20,'/assets/img/products/design/examples/popup/popup-1.jpg','2017-10-13 10:32:20','2017-10-13 10:32:20','none'),
	(37,20,'/assets/img/products/design/examples/popup/popup-2.jpg','2017-10-13 10:32:20','2017-10-13 10:32:20','none'),
	(38,20,'/assets/img/products/design/examples/popup/popup-3.jpg','2017-10-13 10:32:20','2017-10-13 10:32:20','none'),
	(39,20,'/assets/img/products/design/examples/popup/popup-4.jpg','2017-10-13 10:32:20','2017-10-13 10:32:20','none'),
	(40,20,'/assets/img/products/design/examples/popup/popup-5.jpg','2017-10-13 10:32:20','2017-10-13 10:32:20','none'),
	(41,20,'/assets/img/products/design/examples/popup/popup-6.jpg','2017-10-13 10:32:20','2017-10-13 10:32:20','none'),
	(42,10,'/assets/img/products/web/examples/single/1.jpg','2017-10-13 10:32:20','2017-10-13 10:32:20','/assets/img/products/web/examples/single/full/1.gif'),
	(43,10,'/assets/img/products/web/examples/single/2.jpg','2017-10-13 10:32:20','2017-10-13 10:32:20','/assets/img/products/web/examples/single/full/2.gif'),
	(48,10,'/assets/img/products/web/examples/single/3.jpg','2017-10-13 10:32:20','2017-10-13 10:32:20','/assets/img/products/web/examples/single/full/3.gif'),
	(50,10,'/assets/img/products/web/examples/single/4.jpg','2017-10-13 10:32:20','2017-10-13 10:32:20','/assets/img/products/web/examples/single/full/4.gif'),
	(51,10,'/assets/img/products/web/examples/single/5.jpg','2017-10-13 10:32:20','2017-10-13 10:32:20','/assets/img/products/web/examples/single/full/5.gif'),
	(52,10,'/assets/img/products/web/examples/single/6.jpg','2017-10-13 10:32:20','2017-10-13 10:32:20','/assets/img/products/web/examples/single/full/6.gif'),
	(53,1,'/assets/img/products/design/examples/social/1.jpg','2017-10-13 10:32:20','2017-10-13 10:32:20',''),
	(54,1,'/assets/img/products/design/examples/social/2.jpg','2017-10-13 10:32:20','2017-10-13 10:32:20',''),
	(55,1,'/assets/img/products/design/examples/social/3.jpg','2017-10-13 10:32:20','2017-10-13 10:32:20',''),
	(56,1,'/assets/img/products/design/examples/social/4.jpg','2017-10-13 10:32:20','2017-10-13 10:32:20',''),
	(57,1,'/assets/img/products/design/examples/social/5.jpg','2017-10-13 10:32:20','2017-10-13 10:32:20',''),
	(58,1,'/assets/img/products/design/examples/social/6.jpg','2017-10-13 10:32:20','2017-10-13 10:32:20',''),
	(59,1,'/assets/img/products/design/examples/social/7.jpg','2017-10-13 10:32:20','2017-10-13 10:32:20',''),
	(60,7,'/assets/img/products/design/examples/banner/1.jpg','2017-10-13 10:32:20','2017-10-13 10:32:20',''),
	(61,7,'/assets/img/products/design/examples/banner/2.jpg','2017-10-13 10:32:20','2017-10-13 10:32:20',''),
	(62,7,'/assets/img/products/design/examples/banner/3.jpg','2017-10-13 10:32:20','2017-10-13 10:32:20',''),
	(63,7,'/assets/img/products/design/examples/banner/4.jpg','2017-10-13 10:32:20','2017-10-13 10:32:20',''),
	(64,7,'/assets/img/products/design/examples/banner/5.jpg','2017-10-13 10:32:20','2017-10-13 10:32:20',''),
	(65,7,'/assets/img/products/design/examples/banner/6.jpg','2017-10-13 10:32:20','2017-10-13 10:32:20',''),
	(66,7,'/assets/img/products/design/examples/banner/7.jpg','2017-10-13 10:32:20','2017-10-13 10:32:20',''),
	(67,7,'/assets/img/products/design/examples/banner/8.jpg','2017-10-13 10:32:20','2017-10-13 10:32:20',''),
	(68,3,'/assets/img/products/design/examples/logo/5.jpg','2017-09-19 10:15:08','2017-09-19 10:15:08','none'),
	(69,3,'/assets/img/products/design/examples/logo/6.jpg','2017-09-19 10:15:08','2017-09-19 10:15:08','none'),
	(70,3,'/assets/img/products/design/examples/logo/7.jpg','2017-09-19 10:15:08','2017-09-19 10:15:08','none'),
	(71,3,'/assets/img/products/design/examples/logo/8.jpg','2017-09-19 10:15:08','2017-09-19 10:15:08','none'),
	(72,3,'/assets/img/products/design/examples/logo/9.jpg','2017-09-19 10:15:08','2017-09-19 10:15:08','none'),
	(73,3,'/assets/img/products/design/examples/logo/10.jpg','2017-09-19 10:15:08','2017-09-19 10:15:08','none'),
	(74,3,'/assets/img/products/design/examples/logo/11.jpg','2017-09-19 10:15:08','2017-09-19 10:15:08','none'),
	(75,5,'/assets/img/products/design/examples/tshirt/1.jpg','2017-09-19 10:15:08','2017-09-19 10:15:08','none'),
	(76,5,'/assets/img/products/design/examples/tshirt/2.jpg','2017-09-19 10:15:08','2017-09-19 10:15:08','none'),
	(77,5,'/assets/img/products/design/examples/tshirt/3.jpg','2017-09-19 10:15:08','2017-09-19 10:15:08','none'),
	(78,5,'/assets/img/products/design/examples/tshirt/4.jpg','2017-09-19 10:15:08','2017-09-19 10:15:08','none'),
	(79,5,'/assets/img/products/design/examples/tshirt/5.jpg','2017-09-19 10:15:08','2017-09-19 10:15:08','none'),
	(80,5,'/assets/img/products/design/examples/tshirt/6.jpg','2017-09-19 10:15:08','2017-09-19 10:15:08','none'),
	(81,5,'/assets/img/products/design/examples/tshirt/7.jpg','2017-09-19 10:15:08','2017-09-19 10:15:08','none'),
	(82,5,'/assets/img/products/design/examples/tshirt/8.jpg','2017-09-19 10:15:08','2017-09-19 10:15:08','none'),
	(83,17,'/assets/img/products/web/examples/five/1.jpg','2017-10-13 10:32:20','2017-10-13 10:32:20','/assets/img/products/web/examples/five/full/1.gif'),
	(84,17,'/assets/img/products/web/examples/five/2.jpg','2017-10-13 10:32:20','2017-10-13 10:32:20','/assets/img/products/web/examples/five/full/2.gif'),
	(85,17,'/assets/img/products/web/examples/five/3.jpg','2017-10-13 10:32:20','2017-10-13 10:32:20','/assets/img/products/web/examples/five/full/3.gif'),
	(86,17,'/assets/img/products/web/examples/five/4.jpg','2017-10-13 10:32:20','2017-10-13 10:32:20','/assets/img/products/web/examples/five/full/4.gif'),
	(87,17,'/assets/img/products/web/examples/five/5.jpg','2017-10-13 10:32:20','2017-10-13 10:32:20','/assets/img/products/web/examples/five/full/5.gif'),
	(88,17,'/assets/img/products/web/examples/five/6.jpg','2017-10-13 10:32:20','2017-10-13 10:32:20','/assets/img/products/web/examples/five/full/6.gif'),
	(89,16,'/assets/img/products/video/examples/15/1.jpg','2017-10-13 10:32:20','2017-10-13 10:32:20','/assets/img/products/video/examples/15/full/1.gif');

/*!40000 ALTER TABLE `images` ENABLE KEYS */;
UNLOCK TABLES;


# Dump of table migrations
# ------------------------------------------------------------

DROP TABLE IF EXISTS `migrations`;

CREATE TABLE `migrations` (
  `version` bigint(20) NOT NULL,
  `migration_name` varchar(100) DEFAULT NULL,
  `start_time` timestamp NOT NULL DEFAULT current_timestamp() ON UPDATE current_timestamp(),
  `end_time` timestamp NOT NULL DEFAULT '0000-00-00 00:00:00',
  `breakpoint` tinyint(1) NOT NULL DEFAULT 0,
  PRIMARY KEY (`version`)
) ENGINE=InnoDB DEFAULT CHARSET=utf8;

LOCK TABLES `migrations` WRITE;
/*!40000 ALTER TABLE `migrations` DISABLE KEYS */;

INSERT INTO `migrations` (`version`, `migration_name`, `start_time`, `end_time`, `breakpoint`)
VALUES
	(20170907140548,'AddUsersTable','2017-09-07 14:23:02','2017-09-07 14:23:02',0),
	(20170907140558,'AddProductsTable','2017-09-07 14:23:02','2017-09-07 14:23:02',0),
	(20170907140607,'AddOrdersTable','2017-09-07 14:23:02','2017-09-07 14:23:02',0),
	(20170907140612,'AddOptionsTable','2017-09-07 14:23:02','2017-09-07 14:23:02',0),
	(20170907140653,'AddPaymentsTable','2017-09-07 14:23:02','2017-09-07 14:23:02',0),
	(20170907142337,'AddForeignKeyToOptionsTable','2017-09-07 14:24:05','2017-09-07 14:24:05',0),
	(20170907185514,'AddSlugToOptions','2017-09-07 18:56:10','2017-09-07 18:56:10',0),
	(20170911182747,'AddCategoryToProductsTable','2017-09-11 18:28:33','2017-09-11 18:28:33',0),
	(20170911183026,'AddImageToProductsTable','2017-09-11 18:31:15','2017-09-11 18:31:15',0),
	(20170911183652,'AddTimeToProductsTable','2017-09-11 18:37:30','2017-09-11 18:37:31',0),
	(20170912133952,'AddValueToOptionsTable','2017-09-12 13:40:21','2017-09-12 13:40:21',0),
	(20170912135953,'AddProductDetailsTable','2017-09-12 14:07:53','2017-09-12 14:07:53',0),
	(20170912141530,'AddForeignKeysToDetailsTable','2017-09-12 14:16:14','2017-09-12 14:16:14',0),
	(20170919141157,'AddProductImagesTable','2017-09-19 14:13:22','2017-09-19 14:13:22',0),
	(20170925151122,'AddLengthToProductsTable','2017-09-25 15:12:27','2017-09-25 15:12:27',0),
	(20170925152435,'AddMoreDetailsToDetailsCauseThisIsStupid','2017-09-25 15:25:39','2017-09-25 15:25:39',0),
	(20170927184702,'AddPasswordToUsersTable','2017-09-27 18:47:40','2017-09-27 18:47:41',0),
	(20171002134743,'AddCompanyToUserTable','2017-10-02 13:48:30','2017-10-02 13:48:30',0),
	(20171002140438,'AddPaidColumnToOrders','2017-10-02 14:05:33','2017-10-02 14:05:33',0),
	(20171002151943,'AddOrderProductsTable','2017-10-02 15:31:42','2017-10-02 15:31:42',0),
	(20171006151121,'AddIsPrintableToProductsTable','2017-10-06 15:13:43','2017-10-06 15:13:43',0),
	(20171011134628,'AddDisplayPrice','2017-10-11 13:48:08','2017-10-11 13:48:08',0),
	(20171013152222,'AddDataToImages','2017-10-13 15:23:17','2017-10-13 15:23:17',0),
	(20171017194805,'AddHasExamplesToProductsTable','2017-10-17 19:49:20','2017-10-17 19:49:20',0);

/*!40000 ALTER TABLE `migrations` ENABLE KEYS */;
UNLOCK TABLES;


# Dump of table options
# ------------------------------------------------------------

DROP TABLE IF EXISTS `options`;

CREATE TABLE `options` (
  `id` int(10) unsigned NOT NULL AUTO_INCREMENT,
  `product_id` int(10) unsigned NOT NULL,
  `name` varchar(255) COLLATE utf8_unicode_ci NOT NULL,
  `price` int(11) NOT NULL,
  `created_at` timestamp NULL DEFAULT NULL,
  `updated_at` timestamp NULL DEFAULT NULL,
  `slug` varchar(255) COLLATE utf8_unicode_ci NOT NULL,
  `value` varchar(255) COLLATE utf8_unicode_ci NOT NULL,
  PRIMARY KEY (`id`),
  KEY `options_product_id_foreign` (`product_id`),
  CONSTRAINT `options_product_id_foreign` FOREIGN KEY (`product_id`) REFERENCES `products` (`id`) ON DELETE CASCADE
) ENGINE=InnoDB DEFAULT CHARSET=utf8 COLLATE=utf8_unicode_ci;

LOCK TABLES `options` WRITE;
/*!40000 ALTER TABLE `options` DISABLE KEYS */;

INSERT INTO `options` (`id`, `product_id`, `name`, `price`, `created_at`, `updated_at`, `slug`, `value`)
VALUES
	(12,10,'Custom Email Address',139,'2017-09-25 14:52:24','2017-09-25 14:52:24','custom-email','Custom Email Address'),
	(13,10,'Google Analytics Setup',49,'2017-09-25 14:52:48','2017-09-25 14:52:48','google-analytics','Google Analytics Setup'),
	(15,10,'SEO Booster',299,'2017-09-25 14:53:44','2017-09-25 14:53:44','seo-booster','SEO Booster'),
	(16,10,'Google My Business Setup',49,'2017-09-25 14:54:19','2017-09-25 14:54:19','google-my-business','Google My Business Setup'),
	(17,10,'Email Subscription Manager',199,'2017-09-25 14:54:48','2017-09-25 14:54:48','email-subscription','Email Subscription Manager'),
	(18,10,'Ecommerce - Single Product',499,'2017-09-25 14:55:47','2017-09-25 14:55:47','ecommerce','Ecommerce'),
	(19,10,'Content Management - 1 Section',499,'2017-09-25 14:56:16','2017-09-25 14:56:16','content-management-1','Content Management - 1 Section'),
	(20,10,'Content Management - 2 Sections',659,'2017-09-25 14:56:45','2017-09-25 14:56:45','content-management-2','Content Management - 2 Secitons'),
	(21,10,'Content Management - 3 Sections',759,'2017-09-25 14:56:45','2017-09-25 14:56:45','content-management-3','Content Management - 3 Secitons'),
	(22,10,'Copy Writing',229,'2017-09-25 14:57:26','2017-09-25 14:57:26','copy-writing','Copy Writing'),
	(23,10,'SSL Certificate',139,'2017-09-25 14:53:44','2017-09-25 14:53:44','ssl-certificate','SSL Certificate'),
	(24,7,'Banner - 2\'x4\'',50,'2017-10-05 13:18:41','2017-10-05 13:18:41','banner-2x4','2\'x4\''),
	(25,7,'Banner - 3\'x5\'',80,'2017-10-05 13:18:41','2017-10-05 13:18:41','banner-3x5','3\'x5\''),
	(26,7,'Banner - 4\'x6\'',118,'2017-10-05 13:18:41','2017-10-05 13:18:41','banner-4x6','4\'x6\''),
	(27,7,'Banner - 3\'x8\'',118,'2017-10-05 13:18:41','2017-10-05 13:18:41','banner-3x8','3\'x8\''),
	(28,7,'Banner - 4\'x10\'',160,'2017-10-05 13:18:41','2017-10-05 13:18:41','banner-4x10','4\'x10\''),
	(29,2,'Business card - 250',29,'2017-10-05 13:21:34','2017-10-05 13:21:34','business-card-250','250'),
	(30,2,'Business card - 500',28,'2017-10-05 13:21:34','2017-10-05 13:21:34','business-card-500','500'),
	(31,2,'Business card - 1000',45,'2017-10-05 13:21:34','2017-10-05 13:21:34','business-card-1000','1000'),
	(32,2,'Business card - 2500',75,'2017-10-05 13:21:34','2017-10-05 13:21:34','business-card-2500','2500'),
	(34,6,'Flyer - 50 - 4\'x6\'',39,'2017-10-05 13:23:39','2017-10-05 13:23:39','flyer-50-4x6','50'),
	(35,6,'Flyer - 100 - 4\'x6\'',50,'2017-10-05 13:23:39','2017-10-05 13:23:39','flyer-100-4x6','100'),
	(36,6,'Flyer - 500 - 4\'x6\'',62,'2017-10-05 13:23:39','2017-10-05 13:23:39','flyer-500-4x6','500'),
	(37,6,'Flyer - 1000 - 4\'x6\'',71,'2017-10-05 13:23:39','2017-10-05 13:23:39','flyer-1000-4x6','1000'),
	(38,6,'Flyer - 2500 - 4\'x6\'',118,'2017-10-05 13:23:39','2017-10-05 13:23:39','flyer-2500-4x6','2500'),
	(39,6,'Flyer - 50 - 4\'x9\'',59,'2017-10-05 13:23:39','2017-10-05 13:23:39','flyer-50-4x6','50'),
	(40,6,'Flyer - 100 - 4\'x9\'',75,'2017-10-05 13:23:39','2017-10-05 13:23:39','flyer-100-4x6','100'),
	(41,6,'Flyer - 500 - 4\'x9\'',105,'2017-10-05 13:23:39','2017-10-05 13:23:39','flyer-500-4x6','500'),
	(42,6,'Flyer - 1000 - 4\'x9\'',115,'2017-10-05 13:23:39','2017-10-05 13:23:39','flyer-1000-4x6','1000'),
	(43,6,'Flyer - 2500 - 4\'x9\'',175,'2017-10-05 13:23:39','2017-10-05 13:23:39','flyer-2500-4x6','2500'),
	(45,6,'Flyer - 100 - 6\'x8\'',75,'2017-10-05 13:23:39','2017-10-05 13:23:39','flyer-100-6x8','100'),
	(46,6,'Flyer - 500 - 6\'x8\'',119,'2017-10-05 13:23:39','2017-10-05 13:23:39','flyer-500-6x8','500'),
	(47,6,'Flyer - 1000 - 6\'x8\'',126,'2017-10-05 13:23:39','2017-10-05 13:23:39','flyer-1000-6x8','1000'),
	(48,6,'Flyer - 2500 - 6\'x8\'',185,'2017-10-05 13:23:39','2017-10-05 13:23:39','flyer-2500-6x8','2500'),
	(49,6,'Flyer - 50 - 8.5\"x11\"',72,'2017-10-05 13:23:39','2017-10-05 13:23:39','flyer-50-8x11','50'),
	(50,6,'Flyer - 100 - 8.5\"x11\"',89,'2017-10-05 13:23:39','2017-10-05 13:23:39','flyer-100-8x11','89'),
	(51,6,'Flyer - 500 - 8.5\"x11\"',240,'2017-10-05 13:23:39','2017-10-05 13:23:39','flyer-500-8x11','240'),
	(54,9,'Poster - 25 - 8.5\"x11\"',39,'2017-10-05 13:23:39','2017-10-05 13:23:39','poster-25-8x11','25'),
	(55,9,'Poster - 50 - 8.5\"x11\"',45,'2017-10-05 13:23:39','2017-10-05 13:23:39','poster-50-8x11','50'),
	(56,9,'Poster - 100 - 8.5\"x11\"',59,'2017-10-05 13:23:39','2017-10-05 13:23:39','poster-100-8x11','100'),
	(57,9,'Poster - 250 - 8.5\"x11\"',99,'2017-10-05 13:23:39','2017-10-05 13:23:39','poster-250-8x11','250'),
	(58,9,'Poster - 25 - 11\"x17\"',62,'2017-10-05 13:23:39','2017-10-05 13:23:39','poster-25-11x17','25'),
	(59,9,'Poster - 50 - 11\"x17\"',75,'2017-10-05 13:23:39','2017-10-05 13:23:39','poster-50-11x17','75'),
	(60,9,'Poster - 100 - 11\"x17\"',109,'2017-10-05 13:23:39','2017-10-05 13:23:39','poster-100-11x17','100'),
	(61,9,'Poster - 250 - 11\"x17\"',180,'2017-10-05 13:23:39','2017-10-05 13:23:39','poster-250-11x17','250'),
	(62,9,'Poster - 25 - 12\"x18\"',50,'2017-10-05 13:23:39','2017-10-05 13:23:39','poster-25-12x18','25'),
	(63,9,'Poster - 50 - 12\"x18\"',59,'2017-10-05 13:23:39','2017-10-05 13:23:39','poster-50-12x18','50'),
	(64,9,'Poster - 100 - 12\"x18\"',96,'2017-10-05 13:23:39','2017-10-05 13:23:39','poster-100-12x18','100'),
	(65,9,'Poster - 250 - 12\"x18\"',175,'2017-10-05 13:23:39','2017-10-05 13:23:39','poster-250-12x18','250'),
	(66,4,'Brochure - 100 - 8.5\"x11\"',89,'2017-10-05 13:23:39','2017-10-05 13:23:39','brochure-100-8x11','100'),
	(67,4,'Brochure - 250 - 8.5\"x11\"',160,'2017-10-05 13:23:39','2017-10-05 13:23:39','brochure-250-8x11','250'),
	(68,4,'Brochure - 500 - 8.5\"x11\"',235,'2017-10-05 13:23:39','2017-10-05 13:23:39','brochure-500-8x11','500'),
	(69,4,'Brochure - 100 - 8.5\"x14\"',135,'2017-10-05 13:23:39','2017-10-05 13:23:39','brochure-100-8x14','100'),
	(70,4,'Brochure - 250 - 8.5\"x14\"',165,'2017-10-05 13:23:39','2017-10-05 13:23:39','brochure-250-8x14','250'),
	(71,4,'Brochure - 500 - 8.5\"x14\"',395,'2017-10-05 13:23:39','2017-10-05 13:23:39','brochure-500-8x14','500'),
	(72,18,'Video 1.5',99,'2017-10-05 13:23:39','2017-10-05 13:23:39','video-1-5','1.5'),
	(73,18,'Video 2',159,'2017-10-05 13:23:39','2017-10-05 13:23:39','video-2','2'),
	(74,18,'Video 1',0,'2017-10-05 13:23:39','2017-10-05 13:23:39','video-1','1'),
	(75,19,'300-500 Words',54,'2017-10-05 13:23:39','2017-10-05 13:23:39','300-500-words','300-500'),
	(76,19,'500-800 Words',110,'2017-10-05 13:23:39','2017-10-05 13:23:39','500-800-words','500-800'),
	(77,14,'Print - Pop-Up Banner - 33\"x80\"',119,NULL,NULL,'print-popup-33x80',''),
	(78,11,'Print - Banner - 2\'x4\'',59,NULL,NULL,'print-banner-2x4',''),
	(79,11,'Print - Banner - 3\'x5\'',95,NULL,NULL,'print-banner-3x5',''),
	(80,11,'Print - Banner - 4\'x6\'',139,NULL,NULL,'print-banner-4x6',''),
	(81,11,'Print - Banner - 3\'x8\'',139,NULL,NULL,'print-banner-3x8',''),
	(82,11,'Print - Banner - 4\'x10\'',189,NULL,NULL,'print-banner-4x10',''),
	(83,11,'Print - Banner w/Gromets - 2\'x4\'',59,NULL,NULL,'print-banner-gromets-2x4',''),
	(84,11,'Print - Banner w/Gromets - 3\'x5\'',95,NULL,NULL,'print-banner-gromets-3x5',''),
	(85,11,'Print - Banner w/Gromets - 4\'x6\'',139,NULL,NULL,'print-banner-gromets-4x6',''),
	(86,11,'Print - Banner w/Gromets - 3\'x8\'',139,NULL,NULL,'print-banner-gromets-3x8',''),
	(87,11,'Print - Banner w/Gromets - 4\'x10\'',189,NULL,NULL,'print-banner-gromets-4x10',''),
	(90,12,'Print - Business Cards - 250',34,NULL,NULL,'print-business-cards-250',''),
	(91,12,'Print - Business Cards - 500',45,NULL,NULL,'print-business-cards-500',''),
	(92,12,'Print - Business Cards - 1000',54,NULL,NULL,'print-business-cards-1000',''),
	(93,12,'Print - Business Cards - 2500',89,NULL,NULL,'print-business-cards-2500',''),
	(94,12,'Print - Business Cards w/Soft Touch - 250',59,NULL,NULL,'print-business-cards-soft-250',''),
	(95,12,'Print - Business Cards w/Soft Touch - 500',68,NULL,NULL,'print-business-cards-soft-500',''),
	(96,12,'Print - Business Cards w/Soft Touch - 1000',79,NULL,NULL,'print-business-cards-soft-1000',''),
	(97,12,'Print - Business Cards w/Soft Touch - 2500',139,NULL,NULL,'print-business-cards-soft-2500',''),
	(100,13,'Print - Flyers - 4\"x6\" - 50',46,NULL,NULL,'print-flyers-4x6-50',''),
	(101,13,'Print - Flyers - 4\"x6\" - 100',59,NULL,NULL,'print-flyers-4x6-100',''),
	(102,13,'Print - Flyers - 4\"x6\" - 500',74,NULL,NULL,'print-flyers-4x6-500',''),
	(103,13,'Print - Flyers - 4\"x6\" - 1000',84,NULL,NULL,'print-flyers-4x6-1000',''),
	(104,13,'Print - Flyers - 4\"x6\" - 2500',139,NULL,NULL,'print-flyers-4x6-2500',''),
	(105,13,'Print - Flyers - 4\"x9\" - 50',69,NULL,NULL,'print-flyers-4x9-50',''),
	(106,13,'Print - Flyers - 4\"x9\" - 100',89,NULL,NULL,'print-flyers-4x9-100',''),
	(107,13,'Print - Flyers - 4\"x9\" - 500',124,NULL,NULL,'print-flyers-4x9-500',''),
	(108,13,'Print - Flyers - 4\"x9\" - 1000',135,NULL,NULL,'print-flyers-4x9-1000',''),
	(109,13,'Print - Flyers - 4\"x9\" - 2500',209,NULL,NULL,'print-flyers-4x9-2500',''),
	(110,13,'Print - Flyers - 6\"x8\" - 100',87,NULL,NULL,'print-flyers-6x8-100',''),
	(111,13,'Print - Flyers - 6\"x8\" - 500',139,NULL,NULL,'print-flyers-6x8-500',''),
	(112,13,'Print - Flyers - 6\"x8\" - 1000',149,NULL,NULL,'print-flyers-6x8-1000',''),
	(113,13,'Print - Flyers - 6\"x8\" - 2500',219,NULL,NULL,'print-flyers-6x8-2500',''),
	(114,13,'Print - Flyers - 8.5\"x11\" - 50',85,NULL,NULL,'print-flyers-8.5x11-50',''),
	(115,13,'Print - Flyers - 8.5\"x11\" - 100',104,NULL,NULL,'print-flyers-8.5x11-100',''),
	(116,13,'Print - Flyers - 8.5\"x11\" - 500',285,NULL,NULL,'print-flyers-8.5x11-500',''),
	(117,15,'Print - Posters - 8.5\"x11\" - 25',45,NULL,NULL,'print-poster-8.5x11-25',''),
	(118,15,'Print - Posters - 8.5\"x11\" - 50',54,NULL,NULL,'print-poster-8.5x11-50',''),
	(120,15,'Print - Posters - 8.5\"x11\" - 100',69,NULL,NULL,'print-poster-8.5x11-100',''),
	(121,15,'Print - Posters - 8.5\"x11\" - 250',115,NULL,NULL,'print-poster-8.5x11-250',''),
	(122,15,'Print - Posters - 11\"x17\" - 25',74,NULL,NULL,'print-poster-11x17-25',''),
	(123,15,'Print - Posters - 11\"x17\" - 50',89,NULL,NULL,'print-poster-11x17-50',''),
	(124,15,'Print - Posters - 11\"x17\" - 100',129,NULL,NULL,'print-poster-11x17-100',''),
	(125,15,'Print - Posters - 11\"x17\" - 250',215,NULL,NULL,'print-poster-11x17-250',''),
	(126,15,'Print - Posters - 12\"x18\" - 25',59,NULL,NULL,'print-poster-12x18-25',''),
	(127,15,'Print - Posters - 12\"x18\" - 50',68,NULL,NULL,'print-poster-12x18-50',''),
	(128,15,'Print - Posters - 12\"x18\" - 100',114,NULL,NULL,'print-poster-12x18-100',''),
	(129,15,'Print - Posters - 12\"x18\" - 250',205,NULL,NULL,'print-poster-12x18-250',''),
	(130,21,'Print - Brochures - Tri-Fold (8.5\"x11\") - 100',105,NULL,NULL,'print-brochure-tri-100',''),
	(131,21,'Print - Brochures - Tri-Fold (8.5\"x11\") - 250',189,NULL,NULL,'print-brochure-tri-250',''),
	(132,21,'Print - Brochures - Tri-Fold (8.5\"x11\") - 500',279,NULL,NULL,'print-brochure-tri-500',''),
	(133,21,'Print - Brochures - Quad-Fold (8.5\"x14\") - 100',159,NULL,NULL,'print-brochure-quad-100',''),
	(134,21,'Print - Brochures - Quad-Fold (8.5\"x14\") - 250',314,NULL,NULL,'print-brochure-250',''),
	(135,21,'Print - Brochures - Quad-Fold (8.5\"x14\") - 500',465,NULL,NULL,'print-brochure-500',''),
	(136,20,'Pop-Up Banner - 33\"x80\"',99,NULL,NULL,'popup-33x80','');

/*!40000 ALTER TABLE `options` ENABLE KEYS */;
UNLOCK TABLES;


# Dump of table orders
# ------------------------------------------------------------

DROP TABLE IF EXISTS `orders`;

CREATE TABLE `orders` (
  `id` int(10) unsigned NOT NULL AUTO_INCREMENT,
  `user_id` int(11) NOT NULL,
  `hash` varchar(255) COLLATE utf8_unicode_ci NOT NULL,
  `total` double(8,2) NOT NULL,
  `created_at` timestamp NULL DEFAULT NULL,
  `updated_at` timestamp NULL DEFAULT NULL,
  `paid` tinyint(1) NOT NULL,
  PRIMARY KEY (`id`)
) ENGINE=InnoDB DEFAULT CHARSET=utf8 COLLATE=utf8_unicode_ci;

LOCK TABLES `orders` WRITE;
/*!40000 ALTER TABLE `orders` DISABLE KEYS */;

INSERT INTO `orders` (`id`, `user_id`, `hash`, `total`, `created_at`, `updated_at`, `paid`)
VALUES
	(1,1,'1234567ujhdsevd bfhgjfgdfre4t5yui656rthbgdvrty565ythfberdgr3ew',1000.00,'2017-09-27 15:03:44','2017-09-27 15:03:44',0),
	(2,1,'bsgdrsgbztxhyzsxbstyyrsth4sdf23ef42wdfcsf22ert457trdf4356',2000.00,'2017-09-27 15:03:44','2017-09-27 15:03:44',0),
	(3,1,'1234567ujhdsevd bfhgjfgdfre4t5yui656rthbgdvrty565ythfberdgr3ew',500.00,'2017-09-27 15:03:44','2017-09-27 15:03:44',0),
	(4,1,'1234567ujhdsevd bfhgjfgdfre4t5yui656rthbgdvrty565ythfberdgr3ew',80.00,'2017-09-27 15:03:44','2017-09-27 15:03:44',0),
	(5,7,'ebfa2d3a545ab99e47c5acfc85757702b383ae10ccffd4d0bcc1947c5a8488ea',1490.00,'2017-10-02 14:05:44','2017-10-02 14:05:44',0),
	(6,1,'7f2f87406c3b8b4d6562975794c1c5ede03cf4e0f2566f6b1e586c30738501da',1490.00,'2017-10-02 14:06:48','2017-10-02 14:06:48',0),
	(7,2,'3efa166d3aa379e349a1a998c98c514143679036ad39eeacbdb2e42b115a4428',1490.00,'2017-10-02 14:07:41','2017-10-02 14:07:41',0),
	(8,3,'e969bced9289927294ab9c762cdf8477b76cf6cee403bafcf5b95b74389827e8',1490.00,'2017-10-02 14:11:02','2017-10-02 14:11:02',0),
	(9,4,'74abcc020b0021b6a5b79fd3e047283911f47c68cd6fd49bee4548956f9b6765',1490.00,'2017-10-02 14:13:11','2017-10-02 14:13:11',0),
	(10,5,'774cd7f8e5fb63c9ab5d29600a4ddc7f93491816161c6f085d243841efb06fd6',1490.00,'2017-10-02 14:13:33','2017-10-02 14:13:33',0),
	(11,6,'0b38013f65fa11c4aed40d00e8380c147f26f8cf0d6129cf4d05e7de67418be5',1490.00,'2017-10-02 14:23:13','2017-10-02 14:23:13',0),
	(12,7,'28f3014d1a66e0c2a9c6336c168be6d7310678d7e2a5f8325770934c92c54317',1490.00,'2017-10-02 14:25:21','2017-10-02 14:25:21',0),
	(13,8,'e6cd8c9143edfbd8131ce073efb19ba0f18d87f6328799dee27b25485c2566a1',1490.00,'2017-10-02 14:33:29','2017-10-02 14:33:29',0),
	(14,9,'946ec3159d6a10e58f3fb2c7828653b84406619476a0624b4afdad99cf3eebdb',1490.00,'2017-10-02 14:33:37','2017-10-02 14:33:37',0),
	(15,10,'e0321162cdcf37ad0497a58e9e28a052ed73e7a45a0e16983ad710be20ef93f8',1490.00,'2017-10-02 15:23:03','2017-10-02 15:23:03',0),
	(16,11,'8b2a6522f4209c1c95daf92f8d6c553e633fc2aae766cccd55bbf23f81390edb',1490.00,'2017-10-02 15:23:29','2017-10-02 15:23:29',0),
	(17,12,'7b28adb759884997e0640b6c9f9c73d4f12f3b5c39a09666f0cb23fc7ae3e3d7',1490.00,'2017-10-02 15:24:15','2017-10-02 15:24:15',0),
	(18,13,'163de3faaf4fe0a981f0ff7d8ea157b3a072e9a5fa3393ad9d9de83d10ab3390',1490.00,'2017-10-02 15:26:52','2017-10-02 15:26:52',0),
	(19,14,'bf3dcb28c935090c81379079b7aa97e6da1294c3703396a5448abe3236c35c99',1490.00,'2017-10-02 15:28:12','2017-10-02 15:28:12',0),
	(20,15,'ac93357a5b4d24fe178657198f5192d8921c971866db3a9ecd165ce955e525ea',1490.00,'2017-10-02 15:28:24','2017-10-02 15:28:24',0),
	(21,16,'41597c1cae04b208def5fae8e0723658dde8f4b33de58c8b9bdde87cecb9b578',1490.00,'2017-10-02 15:28:48','2017-10-02 15:28:48',0),
	(22,17,'7140e8a616a2e4ae27f6c7cfbd3496b52ea07a25b8522cd8a29fdedc8da77a40',1490.00,'2017-10-02 15:29:00','2017-10-02 15:29:00',0),
	(23,18,'7b23f8466a86b8455e42c39d8d5c77483b3a013f139a15286e933c3b323c74de',1490.00,'2017-10-02 15:30:10','2017-10-02 15:30:10',0),
	(24,19,'df4044576ad05464be3db46f633efd462a50eecb1225450ecb91ffb532ccdaaa',1490.00,'2017-10-02 15:31:17','2017-10-02 15:31:17',0),
	(25,20,'81da634702103b49c8102badbe794fef05d7acaebb8eecdc81ee1b40eafe4b14',1490.00,'2017-10-02 15:31:28','2017-10-02 15:31:28',0),
	(26,21,'5f2592d4f8f92ab55bd3bd32a50a913e460724fb3a9a20636223b9608308200c',1490.00,'2017-10-02 15:31:46','2017-10-02 15:31:46',0),
	(27,22,'030fe00942e28944865e50c3afe5d99fbd6eeec2cd859f110717529be49e8937',1490.00,'2017-10-02 15:33:58','2017-10-02 15:33:58',0),
	(28,23,'eb7ed771e3b649f17a1b9f8bd4c6f41c5afbb2b1cbeed1689be7888f3f47fb9a',1490.00,'2017-10-02 15:34:43','2017-10-02 15:34:43',0),
	(29,24,'0a2e8e3c0898b1af9177460d9bae13c8a19bce9c77864c2762db7024c3b20165',1490.00,'2017-10-02 15:34:53','2017-10-02 15:34:53',0),
	(30,25,'67386b3c6bfc948e72dec57a1da5fe30d10f573a4ff165986b3e72806ebe28e3',1490.00,'2017-10-02 15:35:14','2017-10-02 15:35:14',0),
	(31,26,'daa1c63c25421891674714c2c7b7bab4ed44811b3d83ef12adb3de88d74113f3',1490.00,'2017-10-02 15:35:32','2017-10-02 15:35:32',0),
	(32,27,'25631bd5a79cd06256108a78e58040f18fcf033a578a6f925bd5214c87f34e5d',1490.00,'2017-10-02 15:35:53','2017-10-02 15:35:53',0),
	(33,28,'79ea57a50276b7b89925232568e5621b78891d45dd4d2485a9cadb8907b227db',1490.00,'2017-10-02 15:39:15','2017-10-02 15:39:15',0),
	(34,29,'4154af8d282a48e5166c430921b25fe8dcc5f519f818839d096f475d55608935',1490.00,'2017-10-02 15:39:33','2017-10-02 15:39:33',0),
	(35,30,'03b4a9052fa9e43706bdad6249f97d6b3cd6e684b215a23637330431086c9856',1490.00,'2017-10-02 15:40:13','2017-10-02 15:40:13',0),
	(36,31,'6eedbc9ca36da62e11106ba8e311268aa80f3b8bb8313f5b71270276a878f416',1490.00,'2017-10-02 15:40:27','2017-10-02 15:40:27',0),
	(37,32,'6c7503a4b4409dca4770a6e2778194676c46a68a82ad6c7dd560dc7bfd318fcc',199.00,'2017-10-05 14:56:11','2017-10-05 14:56:11',0),
	(38,33,'258ba322da9415f30e95e9537fd8a4b8c8e9379a89853f292a8b51e41ad50d6d',278.00,'2017-10-05 14:57:37','2017-10-05 14:57:37',0),
	(39,34,'7a8e529f1f94f46aeb1d292cc7a8875c38db3f94812de7c323eefae69a9c43ed',832.00,'2017-10-06 17:31:42','2017-10-06 17:31:42',0),
	(40,35,'48cf1367345a5f170704f76df317004c3193150876c05c76a387db9ede976a0d',832.00,'2017-10-06 17:45:33','2017-10-06 17:45:33',0),
	(41,36,'5d5eb9f71052c84a49de17ba1f35d4d9dc3f711e2acb4de2aef889f688c07b64',832.00,'2017-10-06 17:46:00','2017-10-06 17:46:00',0),
	(42,37,'763b28110dc234d00fabd56cbf89119c2bcb3167bce81dda9f50a5d778f6b965',832.00,'2017-10-06 17:47:13','2017-10-06 17:47:13',0),
	(43,38,'998665453bc1ef9c2b2032ebb0ae85a0d6ff2024a730c143756afab4927e5405',832.00,'2017-10-06 17:47:32','2017-10-06 17:47:32',0),
	(44,39,'4837aad8f48c17735602e99603be55f7f2b50b9f691f71a8d969fa9923032553',832.00,'2017-10-06 17:48:43','2017-10-06 17:48:43',0),
	(45,40,'6ba843e0fd318f2368b7740385865b6563b2bd050d54cd72f881aa5acd7a4b40',832.00,'2017-10-06 17:49:00','2017-10-06 17:49:00',0),
	(46,41,'ae41c4151ce40777d91a79261278a55d28a461caff9dc30ca8a1e4d2404892be',832.00,'2017-10-06 17:49:18','2017-10-06 17:49:18',0),
	(47,42,'a889b53dc5bfcaf4fba063fca57b614a116ba4d46898b52a5397891627c71b53',832.00,'2017-10-06 17:49:41','2017-10-06 17:49:41',0),
	(48,43,'64df868790ff71b8ab4b20ab05a88bf638125c5c12faae09b47507a2fcb93e0b',832.00,'2017-10-06 17:50:10','2017-10-06 17:50:10',0),
	(49,44,'6b2f64eec29b240551d91d208e08dad12e137abda38e4b16002bb4ab06668bc5',832.00,'2017-10-06 17:50:25','2017-10-06 17:50:25',0),
	(50,45,'b527b92cbb001e40cfa65b60f257189f788e6eecf8bfcdebe1716b9167c4c41c',832.00,'2017-10-06 17:50:45','2017-10-06 17:50:45',0),
	(51,46,'70d71931723ad2e0d6c98beb0e926fae4933e8f8e158a6bb5bd2feb034035641',832.00,'2017-10-06 17:51:02','2017-10-06 17:51:02',0),
	(52,47,'2925abb05f468109207958ea5b2ecc6a16cf0eeb20ee4a42b8832a4b79d2892f',832.00,'2017-10-06 17:51:23','2017-10-06 17:51:23',0),
	(53,48,'3ec9bcd27825f73d60fcdae4b2707090c0383553f83b26c453207cdc18addcb3',832.00,'2017-10-06 17:51:41','2017-10-06 17:51:41',0),
	(54,49,'479c9c07bed5db5df59ce9f13e035d853c3cf1cbdb11e1ce30d3ff8ef665a0be',832.00,'2017-10-06 17:52:35','2017-10-06 17:52:35',0),
	(55,50,'dfde357823c59206630a9ce1048f256d0d63322211b53fad5a94c1bc06a0d0b1',832.00,'2017-10-06 18:19:42','2017-10-06 18:19:42',0),
	(56,51,'1d320fe5df64fc2e1086cb83162497636e3c528cdc5d3c7bc4fa601e2649e7af',832.00,'2017-10-06 18:22:20','2017-10-06 18:22:20',0),
	(57,52,'03b31fcfe4def51dd95032dcece516c43f92e12e5b4095c52faa529e0f1f46a3',832.00,'2017-10-06 18:22:42','2017-10-06 18:22:42',0),
	(58,53,'6d8954d5e9fba8c89fc3b1893887ad33a6e17481e001e53c537784b4586af4da',832.00,'2017-10-06 18:23:02','2017-10-06 18:23:02',0),
	(59,54,'914f30160c3aa48782b1df874d83986a5313aa139120b739c6bee82d8dccb71a',832.00,'2017-10-06 18:23:24','2017-10-06 18:23:24',0),
	(60,55,'8fabe9b93b7e4cf237dde91a325ed21ec175a60472ef910e39ce3020e0029d25',832.00,'2017-10-06 18:23:33','2017-10-06 18:23:33',0),
	(61,56,'66af23842b85370502460606334b513a3586418ff5f28d2bf082c08dc4d8fd68',832.00,'2017-10-06 18:24:10','2017-10-06 18:24:10',0),
	(62,57,'8b741f95d264f72661d24814feab09144ba980d1f9f477059b369630b97ae0d5',832.00,'2017-10-06 18:24:19','2017-10-06 18:24:19',0),
	(63,58,'9c119988a02ed3dfe7634350fab6ff632d304f646f9f24c21f488d3c6556bf73',832.00,'2017-10-06 18:24:37','2017-10-06 18:24:37',0),
	(64,59,'10bbdb85498b521d49a2630485a99489c4b3201ddaa3741b4609ffe4b38606a4',832.00,'2017-10-06 18:25:35','2017-10-06 18:25:35',0),
	(65,60,'a94280cdcda440388bfbf735a441083fe1ddd24a857b9ece4ea301bd5aeb04ff',114.00,'2017-10-06 20:38:00','2017-10-06 20:38:00',0),
	(66,61,'8e05029c4ca70422a90db0df52e4401431b46ee3b85dffb7e68b9c07a495010c',79.00,'2017-10-10 15:10:59','2017-10-10 15:10:59',0),
	(67,62,'1ab1fd4285114c0295d2a5607a0680b960e5c3dd7f253a28ce896b5b88b3a87e',1490.00,'2017-10-10 18:40:55','2017-10-10 18:40:55',0),
	(68,63,'13ac454ed3c957d4a7998d3032672577f8ffb9ec98a94d005861a01b7cdaf262',149.00,'2017-10-10 18:42:01','2017-10-10 18:42:01',0),
	(69,64,'da0da73b78f24dde4ee25057bb539534fb357356b6c2ef4ecd996a510a13e302',79.00,'2017-10-10 18:49:35','2017-10-10 18:49:35',0),
	(70,65,'2fc726222af7fca8b6ef1249fbdd3c6c47e3ce6d535daf034118aa37efffad24',1778.00,'2017-10-11 15:05:57','2017-10-11 15:05:57',0),
	(71,66,'a15c4b8fff47ffe134935bbb87c4a06172d7d32f58b847d8a45ee6a7295a80b4',1490.00,'2017-10-11 15:28:26','2017-10-11 15:28:26',0),
	(72,67,'49f00ca48c95940e818d0647679d6886f92832c507c325786fa0c0c2ab158a85',1604.00,'2017-10-11 18:48:50','2017-10-11 18:48:50',0),
	(73,68,'312a5ee4bb85ecf9357642a4898f77bb96267535e3fbe39a78eb6116c5f5ad69',97.00,'2017-10-11 18:50:41','2017-10-11 18:50:41',0),
	(74,69,'75353933654d683d6334a76a3d6a1fbced8aa63230fd1633b15a926ff1cba233',97.00,'2017-10-11 18:52:27','2017-10-11 18:52:27',0),
	(75,70,'300d655f426aace7a09f5a91543b8d4f9baec0a190dcd088474fd8edb46b3032',1604.00,'2017-10-11 18:57:49','2017-10-11 18:57:49',0),
	(76,71,'e02e94c80edcb6777f572fe243229a632e8667dc0a8f763b88956349e769afa0',1604.00,'2017-10-11 18:58:03','2017-10-11 18:58:03',0),
	(77,72,'b76306190677794a143c8aec99aebc44bbe1ed786f0b44b56401fe7cf41621e8',1604.00,'2017-10-11 18:58:11','2017-10-11 18:58:11',0),
	(78,73,'827e943aa2a71bb876abcd65ca1af96b6b37a2d7538b637e54efbb87db1cad4f',1604.00,'2017-10-11 19:01:38','2017-10-11 19:01:38',0),
	(79,74,'a3a7f1e65d37201fae59e105af42072693bb5712b6c98162f556ca0c49be28ea',114.00,'2017-10-13 13:56:58','2017-10-13 13:56:58',0),
	(80,75,'4246a833b07fed13878acfc6bfedad02e118278bfd68d2728b4c599c242443f5',114.00,'2017-10-13 13:57:25','2017-10-13 13:57:25',0),
	(81,76,'fc58338dc8734525e161a79999710ce51954667c55263b00d04ae2308dc3276c',114.00,'2017-10-13 13:57:53','2017-10-13 13:57:53',0),
	(82,77,'7864b6413cb306849d31a93e9e7075acadc190db2f7df7be65ee58d38ee9669c',114.00,'2017-10-13 13:58:34','2017-10-13 13:58:34',0),
	(83,78,'6c252cdebb7553e6060c0e9dae2fac1088e14c8d1dbbc00d6f98cecc1ce5e778',114.00,'2017-10-13 13:59:29','2017-10-13 13:59:29',0),
	(84,79,'027026c6c40aac4efd334cfc29754920b89bbea77fe3d13f10cbce8d0bfcd468',114.00,'2017-10-13 14:00:06','2017-10-13 14:00:06',0),
	(85,80,'2c4873ec75c8f57cc4a9c23f70ef87aef4189e1f8f85962b18f2d0543ac66c1b',114.00,'2017-10-13 14:00:29','2017-10-13 14:00:29',0),
	(86,81,'23e1f6e0b968c3ab45ef56479403aa732f10b0c04a4f8c343e1eb640718497da',114.00,'2017-10-13 14:00:51','2017-10-13 14:00:51',0),
	(87,82,'d920a16221af19e24a5318e51914380d3a3965a209fdd48a7c027f667c6229f9',114.00,'2017-10-13 14:01:03','2017-10-13 14:01:03',0),
	(88,83,'3310cd42698a0193d05d721b0caa6c5926fec9db94893a4c65943216963f5638',114.00,'2017-10-13 14:01:08','2017-10-13 14:01:08',0),
	(89,84,'06d98b8257f21de8888e39d3955912ca5f928a87bb3f84fea7714d295fe1ebfe',114.00,'2017-10-13 14:01:18','2017-10-13 14:01:18',0),
	(90,85,'f0e0a3f76cdda608308d114d1543f3f5e570ca8638bec23417c27ea8142fc2d3',114.00,'2017-10-13 14:01:44','2017-10-13 14:01:44',0),
	(91,86,'078ee97a2333efbb0d1c7bcfd4605ac4a1427a5f4bd3e4722604c7fc14a77144',114.00,'2017-10-13 14:01:51','2017-10-13 14:01:51',0),
	(92,87,'d9b708d1d9a839a58db0b00378bf9cbb29b80e0a3245bdd446b65acbe6cb8b47',114.00,'2017-10-13 14:02:06','2017-10-13 14:02:06',0),
	(93,88,'76e3574338f243cc1888757249525a1a06ece5ada39abbd99439511a3d2b4c14',114.00,'2017-10-13 14:02:10','2017-10-13 14:02:10',0),
	(94,89,'ceaf454f0ac8963a589d9f8756b680ef2d8089fdcd387e649bf34b66ec762615',114.00,'2017-10-13 14:02:13','2017-10-13 14:02:13',0),
	(95,90,'c08a4e6454e89b46cd595857e711f18c8002e76e9f776b5e314b2606b341d4d9',114.00,'2017-10-13 14:02:23','2017-10-13 14:02:23',0),
	(96,91,'8f4efceb18cc1a15704bfec0b87725cb2dd3a9c6c6efc2dab48f6be4dbcca468',114.00,'2017-10-13 14:02:29','2017-10-13 14:02:29',0),
	(97,92,'0eb6415be894dcde44a85d5215510db38d1fde2840d251c79911141ea942507f',114.00,'2017-10-13 14:03:54','2017-10-13 14:03:54',0),
	(98,93,'2fc999792bc4f37d2637fdc3d865dfdf4f8a4f25ed974db821777446a7ffe5fa',114.00,'2017-10-13 14:05:49','2017-10-13 14:05:49',0),
	(99,94,'5a48b449a9ca95c5e9a932373fa24da0398b325dbd0ffda1a9f5035f8f1cdffc',114.00,'2017-10-13 14:05:57','2017-10-13 14:05:57',0),
	(100,95,'5e64f8416d04293bc07275532b7bb4642df7307e83d4e594a899e3ded0be4df3',114.00,'2017-10-13 14:06:12','2017-10-13 14:06:12',0),
	(101,96,'e459e8bbc709cd66a7f47665f723759961796fe8cb3437fdfe656910b9e82a7f',114.00,'2017-10-13 14:06:26','2017-10-13 14:06:26',0),
	(102,97,'586db282bdbbf169f9d0a0c5f12db7986711ed941b3ca27f3f90a96d8764eb7c',114.00,'2017-10-13 14:06:32','2017-10-13 14:06:32',0),
	(103,98,'eac926c3b30496970e85bc7e9112f5c4e7b186e1b677178121850dd84e5474a4',114.00,'2017-10-13 14:06:36','2017-10-13 14:06:36',0),
	(104,99,'4db11c5eec0751c3e75ff8c0f6aced55b8d5de716efe4dad90065d7b1612919e',114.00,'2017-10-13 14:06:40','2017-10-13 14:06:40',0),
	(105,100,'f2bdf0cfb349538b9a10650256944087c9302a1960500ff7c5bda2407049af87',114.00,'2017-10-13 14:06:56','2017-10-13 14:06:56',0),
	(106,101,'788c83681e53f86bf60365d5a11c132c69feacce0e2fa2cf22165669dc8fb357',114.00,'2017-10-13 14:07:28','2017-10-13 14:07:28',0),
	(107,102,'d741516deb45520dbecf78056a1adc6826d795102a3af947e7293c7ce450c93d',114.00,'2017-10-13 14:07:47','2017-10-13 14:07:47',0),
	(108,103,'73e3359238fae3ef3819625464fb32e8c1e8e531fe99113a51c95b68b41fd5a8',114.00,'2017-10-13 14:08:16','2017-10-13 14:08:16',0),
	(109,104,'7e054a33df6f967ee2e0866c60489e12ffc46bb8b8bc3ffa3c7f2d875239557c',114.00,'2017-10-13 14:08:30','2017-10-13 14:08:30',0),
	(110,105,'d9b4c86cdf7817b1d49266c76489697d2dea0906916185e3e9b0f8bd55b22a40',114.00,'2017-10-13 14:08:51','2017-10-13 14:08:51',0),
	(111,106,'890c542f2f323e6d813ab0c3c6d2634f24f5902e08f12f9e29f8f761cdf4ba7c',97.00,'2017-10-16 15:53:05','2017-10-16 15:53:05',0),
	(112,107,'2e10bcfecf20a66328c9808497c21df38e6489443b136dbf4ec83615e0226132',97.00,'2017-10-16 15:53:24','2017-10-16 15:53:24',0),
	(113,108,'90aebcc590442069a9f9f8fb4f630a5a6d471f0fb0983049f7c3ddfaf7fe16cd',97.00,'2017-10-16 15:53:30','2017-10-16 15:53:30',0),
	(114,109,'e25cb979ed66e65ca5a758a720e52cd992f96e3236952ef7548e9cc25ca8c3fd',97.00,'2017-10-16 15:53:37','2017-10-16 15:53:37',0),
	(115,110,'e1e646a20eb410deb1e419863011ba519f84eed1947fb9a39d31ce8171fb635c',97.00,'2017-10-16 15:55:11','2017-10-16 15:55:11',0),
	(116,111,'52fc6629f24bff7987c49f3266f5aaa8e8a021043aa17275da6b2dfa61d1b343',114.00,'2017-10-16 17:08:34','2017-10-16 17:08:34',0),
	(117,112,'274926f2da602aa14917ddd2dd6568a2a9d58421c228d28af00bc67c1cac99e2',114.00,'2017-10-16 17:09:00','2017-10-16 17:09:00',0),
	(118,113,'275f939b6d8ff590561175cc9afb5136170d4ab9fe5a9a7cf79d1e88b2217ede',114.00,'2017-10-16 17:09:12','2017-10-16 17:09:12',0),
	(119,114,'438c53cb8e9b518ecc4596fd69074fa277c2c2624b461fd44e6fc7eba1b26e80',114.00,'2017-10-16 17:10:10','2017-10-16 17:10:10',0),
	(120,115,'f9f64c7bfe33298eb073564c5fe04607abc161ffb9a23e21c6ce30499793fc5a',114.00,'2017-10-16 17:10:14','2017-10-16 17:10:14',0),
	(121,116,'7c3fb3815d3b88f2630d6d9f6c61b6021afa63252f897c0f9431258ecd40a7f3',114.00,'2017-10-16 17:15:06','2017-10-16 17:15:06',0),
	(122,117,'36fb1188aa6f5bb53d644b265759526042da3729e17bee8b92af77f95c0215bc',114.00,'2017-10-16 17:15:11','2017-10-16 17:15:11',0),
	(123,118,'845c33c1567bee3644aae05de0f98b2ff1c98deb0f1fdd0d20531e42e80ca728',114.00,'2017-10-16 17:15:48','2017-10-16 17:15:48',0),
	(124,119,'bf9814ce4418ca617936e76377a991a025fcf1842f2b516d376a9dc33dc4431d',114.00,'2017-10-16 17:16:11','2017-10-16 17:16:11',0),
	(125,120,'3bc458c03f2c7b0c201c730a98b4c0af55c87478fb0a96b3c63e08e3f1e1c099',114.00,'2017-10-16 17:16:25','2017-10-16 17:16:25',0),
	(126,121,'b84ba0173e9d71e38a635847e7bd30271ef0b7a329bcd0d5e165c523351983b3',114.00,'2017-10-16 17:16:33','2017-10-16 17:16:33',0),
	(127,122,'01209902ad0a19c69ff046136f6800839a11bf4df5299686a30ddfa01fbe2beb',114.00,'2017-10-16 17:16:37','2017-10-16 17:16:37',0),
	(128,123,'fd3e1bf007f249d7f0290253741378fe24b7f1a80b57b62f17241db20d33140b',114.00,'2017-10-16 17:17:23','2017-10-16 17:17:23',0),
	(129,124,'e37ee1f57f1a653830d56eb628a36517948c39c61ef531c841f56ef0abee9601',114.00,'2017-10-16 17:18:37','2017-10-16 17:18:37',0),
	(130,125,'6577ce8886de415b50f9db97fe10a40a2d5e57a9c04ee4b78ebbfd4d791e2f47',114.00,'2017-10-16 17:18:43','2017-10-16 17:18:43',0),
	(131,126,'0d39bf613029502d65a1def9c93df2167e583639bcb0ec5e7949617ed8a44c8f',114.00,'2017-10-16 17:19:31','2017-10-16 17:19:31',0),
	(132,127,'030b5f2e00ae57d0b2e3cada1df3c5585ab0d5a85ad15342d2e9133c2716155e',114.00,'2017-10-16 17:19:52','2017-10-16 17:19:52',0),
	(133,128,'a022e24ecc7892a6052de028de0f01fde01500dd81a4eb7095895fca984c34fc',114.00,'2017-10-16 17:22:50','2017-10-16 17:22:50',0),
	(134,129,'d21dc3efd6869dac911b8e50eb21e762d1d94192deb4b0a94293d7dfbcc68808',114.00,'2017-10-16 17:23:06','2017-10-16 17:23:06',0),
	(135,130,'3e0e967d585995bd4ae5c80c2d14c396ceb7a92168915849fd0727bee373684d',114.00,'2017-10-16 17:24:31','2017-10-16 17:24:31',0),
	(136,131,'f89851f3c00a17946ba710ed357c3337b00f223e9b098fa6eb97f23504dea780',114.00,'2017-10-16 17:25:12','2017-10-16 17:25:12',0),
	(137,132,'d806337fa87b3989ba44d4ab4312b5cd529d557a5d606888a0cb0ba5bc7e608b',114.00,'2017-10-16 17:25:45','2017-10-16 17:25:45',0),
	(138,133,'0700f07fb9275460dc5f9954e9eab0b7435c3460cc51ded20b8a59dc87820b10',114.00,'2017-10-16 17:26:02','2017-10-16 17:26:02',0),
	(139,134,'58ceaf8e3d2ad0ecf716bc735e65ceb792a637c2a8742cffb8319b477d82ac8d',114.00,'2017-10-16 17:26:36','2017-10-16 17:26:36',0),
	(140,135,'eada99d14309ca84a17340b4f04ed67b252ba423189270ff3d06b3bfc246ee47',114.00,'2017-10-16 17:29:16','2017-10-16 17:29:16',0),
	(141,136,'3ba64075cd93b161dd81964a026c73b365a6c799f7ed9558495faf0be8dc4b5a',114.00,'2017-10-16 17:29:40','2017-10-16 17:29:40',0),
	(142,137,'035ece966b5cff8dfc88da3a83717117e79675fca59420f6f878a47b48ea9a97',114.00,'2017-10-16 17:29:53','2017-10-16 17:29:53',0),
	(143,138,'7f769a3e588ea1fbcab5f083a6b8cfec10be6d33f03231ef2d57f7e078abd171',114.00,'2017-10-16 17:34:04','2017-10-16 17:34:04',0),
	(144,139,'95ea5b4d44cad773d04df8a9fc0ec8b1acff9f342595a66a04f4fac68229b0b2',114.00,'2017-10-16 17:41:17','2017-10-16 17:41:17',0),
	(145,140,'6472e1b0345141148062cae1bfcb5e537263f9c92c26050f4450bdbde8ea3d73',114.00,'2017-10-16 17:41:24','2017-10-16 17:41:24',0),
	(146,141,'ceab701cf021df4a7087f8d047b9739d4e9ac9475f31d96767402bbb328ff537',114.00,'2017-10-16 17:41:41','2017-10-16 17:41:41',0),
	(147,142,'dfd0b535b8a11fe1c2fd18306560649b822892215c2a882ef58b7926208e401f',114.00,'2017-10-16 17:41:55','2017-10-16 17:41:55',0),
	(148,143,'6182b42bb1795e42d26dba659fe8f1e24f4b9873312680e4533e78d5d6a29090',114.00,'2017-10-16 17:42:11','2017-10-16 17:42:11',0),
	(149,144,'c8b7bacf3d9ec10627a4303ffce71a010b42e523a4b3413f8589157f686fa653',114.00,'2017-10-16 17:43:33','2017-10-16 17:43:33',0),
	(150,145,'0bcb3a244951a17685aff13cc622a8bfef0ab22fb74ae720b35ee9e0e9e375f4',114.00,'2017-10-16 17:43:40','2017-10-16 17:43:40',0),
	(151,146,'b85270442ecdba771e21646b3fd2a528e170992c5da5294121ba8c9193da70d9',114.00,'2017-10-16 17:43:44','2017-10-16 17:43:44',0),
	(152,147,'2e453431cde8f079db012a409e0e20059ebeb168687e1713bdaa143d866f6a2f',114.00,'2017-10-16 17:44:04','2017-10-16 17:44:04',0),
	(153,148,'0b6bd2eea945bc19e2089b38f3a152dd5dca0696004f4d82fa3fa7428e50da55',114.00,'2017-10-16 17:44:54','2017-10-16 17:44:54',0),
	(154,149,'07d72d0718792e42156cca97abe61135635581a0b5ebf7bfe2d29c6530fc729d',114.00,'2017-10-16 17:45:02','2017-10-16 17:45:02',0),
	(155,150,'ff2a0fe79f6b8d649a104526d8d96c22f9a1a8017dbfe43db7d6c90010089030',114.00,'2017-10-16 17:53:05','2017-10-16 17:53:05',0),
	(156,151,'2b97987d1bbe385c6eae56fe26942e6a625c9f27455c6fa014854d9f3b6b05fc',114.00,'2017-10-16 17:53:37','2017-10-16 17:53:37',0),
	(157,152,'049028b84eb36e80d1d77881fcbdf508e07884b8eb7051c3d5930c6d43ca5f66',114.00,'2017-10-16 17:53:46','2017-10-16 17:53:46',0),
	(158,153,'fc21f2655124be8010253b4c5b4af787a27ad845d066d3e24d2ecbdb6b141460',114.00,'2017-10-16 17:54:57','2017-10-16 17:54:57',0),
	(159,154,'9da9ceb519bbed4c410970cd5c11a62a27454b191915e484734ff5b948b7d0a9',114.00,'2017-10-16 17:55:21','2017-10-16 17:55:21',0),
	(160,155,'773356d54934690e6e511187279937bfa65ec4448d06baa54b9b291adf447b89',114.00,'2017-10-16 17:55:50','2017-10-16 17:55:50',0),
	(161,156,'42bf77846dfbdfbddcf765df09150aa7037923ebb33825f5e1856356b2c5b1c4',114.00,'2017-10-16 17:57:58','2017-10-16 17:57:58',0),
	(162,157,'c5007f947a45ddad90995436065cd3d3db4810cdf9504d6135420009a7b5bc2d',114.00,'2017-10-16 17:58:17','2017-10-16 17:58:17',0),
	(163,158,'11afbb25047d72ba1cb2a7d2a1809216ae67301550c9a0d3bb4fe2ea4d6242f6',114.00,'2017-10-16 17:59:33','2017-10-16 17:59:33',0),
	(164,159,'713b46966e9005d30291eb4da4a97933c9e0140c3025facc2c2ce1226efe174f',114.00,'2017-10-16 17:59:48','2017-10-16 17:59:48',0),
	(165,160,'7633f704436c3b0ad798622428cb55d53b70d54ee789f92acecd2773b170ca3f',114.00,'2017-10-16 18:00:04','2017-10-16 18:00:04',0),
	(166,161,'67e66b7885b80eb223194c9c9e0aaef0379dc79a8c4d722d3b22da75be7afd63',114.00,'2017-10-16 18:01:43','2017-10-16 18:01:43',0),
	(167,162,'f7df1a3924e496d4670103ca2bc224e861401a844fce3ae27733ad2412bb38d7',114.00,'2017-10-16 18:01:48','2017-10-16 18:01:48',0),
	(168,163,'e862d97af60761f7e8f898ebaaedebe13732172bd6ef0183c2d609eb09bcc0ad',114.00,'2017-10-16 18:06:46','2017-10-16 18:06:46',0),
	(169,164,'eebf64da032c2efc460513d06039bf36a451412f15b977cb01f82e7a6b47ac91',114.00,'2017-10-16 18:06:56','2017-10-16 18:06:56',0),
	(170,165,'41e705a3173f34de76be89e09d404676b1e464560d39a8b26b4e451ed20e8a95',114.00,'2017-10-16 18:13:00','2017-10-16 18:13:00',0);

/*!40000 ALTER TABLE `orders` ENABLE KEYS */;
UNLOCK TABLES;


# Dump of table orders_products
# ------------------------------------------------------------

DROP TABLE IF EXISTS `orders_products`;

CREATE TABLE `orders_products` (
  `id` int(10) unsigned NOT NULL AUTO_INCREMENT,
  `order_id` varchar(255) COLLATE utf8_unicode_ci NOT NULL,
  `product_id` varchar(255) COLLATE utf8_unicode_ci NOT NULL,
  `created_at` timestamp NULL DEFAULT NULL,
  `updated_at` timestamp NULL DEFAULT NULL,
  PRIMARY KEY (`id`)
) ENGINE=InnoDB DEFAULT CHARSET=utf8 COLLATE=utf8_unicode_ci;

LOCK TABLES `orders_products` WRITE;
/*!40000 ALTER TABLE `orders_products` DISABLE KEYS */;

INSERT INTO `orders_products` (`id`, `order_id`, `product_id`, `created_at`, `updated_at`)
VALUES
	(1,'26','10',NULL,NULL),
	(2,'27','10',NULL,NULL),
	(3,'28','10',NULL,NULL),
	(4,'29','10',NULL,NULL),
	(5,'30','10',NULL,NULL),
	(6,'31','10',NULL,NULL),
	(7,'32','10',NULL,NULL),
	(8,'33','10',NULL,NULL),
	(9,'34','10',NULL,NULL),
	(10,'35','10',NULL,NULL),
	(11,'36','10',NULL,NULL),
	(12,'37','4',NULL,NULL),
	(13,'38','9',NULL,NULL),
	(14,'38','3',NULL,NULL),
	(15,'39','7',NULL,NULL),
	(16,'39','7',NULL,NULL),
	(17,'39','7',NULL,NULL),
	(18,'39','7',NULL,NULL),
	(19,'39','1',NULL,NULL),
	(20,'39','7',NULL,NULL),
	(21,'40','7',NULL,NULL),
	(22,'40','7',NULL,NULL),
	(23,'40','7',NULL,NULL),
	(24,'40','7',NULL,NULL),
	(25,'40','1',NULL,NULL),
	(26,'40','7',NULL,NULL),
	(27,'41','7',NULL,NULL),
	(28,'41','7',NULL,NULL),
	(29,'41','7',NULL,NULL),
	(30,'41','7',NULL,NULL),
	(31,'41','1',NULL,NULL),
	(32,'41','7',NULL,NULL),
	(33,'42','7',NULL,NULL),
	(34,'42','7',NULL,NULL),
	(35,'42','7',NULL,NULL),
	(36,'42','7',NULL,NULL),
	(37,'42','1',NULL,NULL),
	(38,'42','7',NULL,NULL),
	(39,'43','7',NULL,NULL),
	(40,'43','7',NULL,NULL),
	(41,'43','7',NULL,NULL),
	(42,'43','7',NULL,NULL),
	(43,'43','1',NULL,NULL),
	(44,'43','7',NULL,NULL),
	(45,'44','7',NULL,NULL),
	(46,'44','7',NULL,NULL),
	(47,'44','7',NULL,NULL),
	(48,'44','7',NULL,NULL),
	(49,'44','1',NULL,NULL),
	(50,'44','7',NULL,NULL),
	(51,'45','7',NULL,NULL),
	(52,'45','7',NULL,NULL),
	(53,'45','7',NULL,NULL),
	(54,'45','7',NULL,NULL),
	(55,'45','1',NULL,NULL),
	(56,'45','7',NULL,NULL),
	(57,'46','7',NULL,NULL),
	(58,'46','7',NULL,NULL),
	(59,'46','7',NULL,NULL),
	(60,'46','7',NULL,NULL),
	(61,'46','1',NULL,NULL),
	(62,'46','7',NULL,NULL),
	(63,'47','7',NULL,NULL),
	(64,'47','7',NULL,NULL),
	(65,'47','7',NULL,NULL),
	(66,'47','7',NULL,NULL),
	(67,'47','1',NULL,NULL),
	(68,'47','7',NULL,NULL),
	(69,'48','7',NULL,NULL),
	(70,'48','7',NULL,NULL),
	(71,'48','7',NULL,NULL),
	(72,'48','7',NULL,NULL),
	(73,'48','1',NULL,NULL),
	(74,'48','7',NULL,NULL),
	(75,'49','7',NULL,NULL),
	(76,'49','7',NULL,NULL),
	(77,'49','7',NULL,NULL),
	(78,'49','7',NULL,NULL),
	(79,'49','1',NULL,NULL),
	(80,'49','7',NULL,NULL),
	(81,'50','7',NULL,NULL),
	(82,'50','7',NULL,NULL),
	(83,'50','7',NULL,NULL),
	(84,'50','7',NULL,NULL),
	(85,'50','1',NULL,NULL),
	(86,'50','7',NULL,NULL),
	(87,'51','7',NULL,NULL),
	(88,'51','7',NULL,NULL),
	(89,'51','7',NULL,NULL),
	(90,'51','7',NULL,NULL),
	(91,'51','1',NULL,NULL),
	(92,'51','7',NULL,NULL),
	(93,'52','7',NULL,NULL),
	(94,'52','7',NULL,NULL),
	(95,'52','7',NULL,NULL),
	(96,'52','7',NULL,NULL),
	(97,'52','1',NULL,NULL),
	(98,'52','7',NULL,NULL),
	(99,'53','7',NULL,NULL),
	(100,'53','7',NULL,NULL),
	(101,'53','7',NULL,NULL),
	(102,'53','7',NULL,NULL),
	(103,'53','1',NULL,NULL),
	(104,'53','7',NULL,NULL),
	(105,'54','7',NULL,NULL),
	(106,'54','7',NULL,NULL),
	(107,'54','7',NULL,NULL),
	(108,'54','7',NULL,NULL),
	(109,'54','1',NULL,NULL),
	(110,'54','7',NULL,NULL),
	(111,'55','7',NULL,NULL),
	(112,'55','7',NULL,NULL),
	(113,'55','7',NULL,NULL),
	(114,'55','7',NULL,NULL),
	(115,'55','1',NULL,NULL),
	(116,'55','7',NULL,NULL),
	(117,'56','7',NULL,NULL),
	(118,'56','7',NULL,NULL),
	(119,'56','7',NULL,NULL),
	(120,'56','7',NULL,NULL),
	(121,'56','1',NULL,NULL),
	(122,'56','7',NULL,NULL),
	(123,'57','7',NULL,NULL),
	(124,'57','7',NULL,NULL),
	(125,'57','7',NULL,NULL),
	(126,'57','7',NULL,NULL),
	(127,'57','1',NULL,NULL),
	(128,'57','7',NULL,NULL),
	(129,'58','7',NULL,NULL),
	(130,'58','7',NULL,NULL),
	(131,'58','7',NULL,NULL),
	(132,'58','7',NULL,NULL),
	(133,'58','1',NULL,NULL),
	(134,'58','7',NULL,NULL),
	(135,'59','7',NULL,NULL),
	(136,'59','7',NULL,NULL),
	(137,'59','7',NULL,NULL),
	(138,'59','7',NULL,NULL),
	(139,'59','1',NULL,NULL),
	(140,'59','7',NULL,NULL),
	(141,'60','7',NULL,NULL),
	(142,'60','7',NULL,NULL),
	(143,'60','7',NULL,NULL),
	(144,'60','7',NULL,NULL),
	(145,'60','1',NULL,NULL),
	(146,'60','7',NULL,NULL),
	(147,'61','7',NULL,NULL),
	(148,'61','7',NULL,NULL),
	(149,'61','7',NULL,NULL),
	(150,'61','7',NULL,NULL),
	(151,'61','1',NULL,NULL),
	(152,'61','7',NULL,NULL),
	(153,'62','7',NULL,NULL),
	(154,'62','7',NULL,NULL),
	(155,'62','7',NULL,NULL),
	(156,'62','7',NULL,NULL),
	(157,'62','1',NULL,NULL),
	(158,'62','7',NULL,NULL),
	(159,'63','7',NULL,NULL),
	(160,'63','7',NULL,NULL),
	(161,'63','7',NULL,NULL),
	(162,'63','7',NULL,NULL),
	(163,'63','1',NULL,NULL),
	(164,'63','7',NULL,NULL),
	(165,'64','7',NULL,NULL),
	(166,'64','7',NULL,NULL),
	(167,'64','7',NULL,NULL),
	(168,'64','7',NULL,NULL),
	(169,'64','1',NULL,NULL),
	(170,'64','7',NULL,NULL),
	(171,'65','2',NULL,NULL),
	(172,'66','1',NULL,NULL),
	(173,'67','10',NULL,NULL),
	(174,'68','3',NULL,NULL),
	(175,'69','21',NULL,NULL),
	(176,'69','5',NULL,NULL),
	(177,'70','4',NULL,NULL),
	(178,'70','10',NULL,NULL),
	(179,'71','10',NULL,NULL),
	(180,'72','2',NULL,NULL),
	(181,'72','10',NULL,NULL),
	(182,'74','2',NULL,NULL),
	(183,'75','2',NULL,NULL),
	(184,'75','10',NULL,NULL),
	(185,'76','2',NULL,NULL),
	(186,'76','10',NULL,NULL),
	(187,'77','2',NULL,NULL),
	(188,'77','10',NULL,NULL),
	(189,'78','2',NULL,NULL),
	(190,'78','10',NULL,NULL),
	(191,'79','2',NULL,NULL),
	(192,'80','2',NULL,NULL),
	(193,'81','2',NULL,NULL),
	(194,'82','2',NULL,NULL),
	(195,'83','2',NULL,NULL),
	(196,'84','2',NULL,NULL),
	(197,'85','2',NULL,NULL),
	(198,'86','2',NULL,NULL),
	(199,'87','2',NULL,NULL),
	(200,'88','2',NULL,NULL),
	(201,'89','2',NULL,NULL),
	(202,'90','2',NULL,NULL),
	(203,'91','2',NULL,NULL),
	(204,'92','2',NULL,NULL),
	(205,'93','2',NULL,NULL),
	(206,'94','2',NULL,NULL),
	(207,'95','2',NULL,NULL),
	(208,'96','2',NULL,NULL),
	(209,'97','2',NULL,NULL),
	(210,'98','2',NULL,NULL),
	(211,'99','2',NULL,NULL),
	(212,'100','2',NULL,NULL),
	(213,'101','2',NULL,NULL),
	(214,'102','2',NULL,NULL),
	(215,'103','2',NULL,NULL),
	(216,'104','2',NULL,NULL),
	(217,'105','2',NULL,NULL),
	(218,'106','2',NULL,NULL),
	(219,'107','2',NULL,NULL),
	(220,'108','2',NULL,NULL),
	(221,'109','2',NULL,NULL),
	(222,'110','2',NULL,NULL),
	(223,'111','2',NULL,NULL),
	(224,'112','2',NULL,NULL),
	(225,'113','2',NULL,NULL),
	(226,'114','2',NULL,NULL),
	(227,'115','2',NULL,NULL),
	(228,'116','2',NULL,NULL),
	(229,'117','2',NULL,NULL),
	(230,'118','2',NULL,NULL),
	(231,'119','2',NULL,NULL),
	(232,'120','2',NULL,NULL),
	(233,'121','2',NULL,NULL),
	(234,'122','2',NULL,NULL),
	(235,'123','2',NULL,NULL),
	(236,'124','2',NULL,NULL),
	(237,'125','2',NULL,NULL),
	(238,'126','2',NULL,NULL),
	(239,'127','2',NULL,NULL),
	(240,'128','2',NULL,NULL),
	(241,'129','2',NULL,NULL),
	(242,'130','2',NULL,NULL),
	(243,'131','2',NULL,NULL),
	(244,'132','2',NULL,NULL),
	(245,'133','2',NULL,NULL),
	(246,'134','2',NULL,NULL),
	(247,'135','2',NULL,NULL),
	(248,'136','2',NULL,NULL),
	(249,'137','2',NULL,NULL),
	(250,'138','2',NULL,NULL),
	(251,'139','2',NULL,NULL),
	(252,'140','2',NULL,NULL),
	(253,'141','2',NULL,NULL),
	(254,'142','2',NULL,NULL),
	(255,'143','2',NULL,NULL),
	(256,'144','2',NULL,NULL),
	(257,'145','2',NULL,NULL),
	(258,'146','2',NULL,NULL),
	(259,'147','2',NULL,NULL),
	(260,'148','2',NULL,NULL),
	(261,'149','2',NULL,NULL),
	(262,'150','2',NULL,NULL),
	(263,'151','2',NULL,NULL),
	(264,'152','2',NULL,NULL),
	(265,'153','2',NULL,NULL),
	(266,'154','2',NULL,NULL),
	(267,'155','2',NULL,NULL),
	(268,'156','2',NULL,NULL),
	(269,'157','2',NULL,NULL),
	(270,'158','2',NULL,NULL),
	(271,'159','2',NULL,NULL),
	(272,'160','2',NULL,NULL),
	(273,'161','2',NULL,NULL),
	(274,'162','2',NULL,NULL),
	(275,'163','2',NULL,NULL),
	(276,'164','2',NULL,NULL),
	(277,'165','2',NULL,NULL),
	(278,'166','2',NULL,NULL),
	(279,'167','2',NULL,NULL),
	(280,'168','2',NULL,NULL),
	(281,'169','2',NULL,NULL),
	(282,'170','2',NULL,NULL);

/*!40000 ALTER TABLE `orders_products` ENABLE KEYS */;
UNLOCK TABLES;


# Dump of table payments
# ------------------------------------------------------------

DROP TABLE IF EXISTS `payments`;

CREATE TABLE `payments` (
  `id` int(10) unsigned NOT NULL AUTO_INCREMENT,
  `order_id` int(11) NOT NULL,
  `failed` tinyint(4) NOT NULL,
  `transaction_id` varchar(255) COLLATE utf8_unicode_ci NOT NULL,
  `created_at` timestamp NULL DEFAULT NULL,
  `updated_at` timestamp NULL DEFAULT NULL,
  PRIMARY KEY (`id`)
) ENGINE=InnoDB DEFAULT CHARSET=utf8 COLLATE=utf8_unicode_ci;



# Dump of table products
# ------------------------------------------------------------

DROP TABLE IF EXISTS `products`;

CREATE TABLE `products` (
  `id` int(10) unsigned NOT NULL AUTO_INCREMENT,
  `name` varchar(255) COLLATE utf8_unicode_ci NOT NULL,
  `slug` varchar(255) COLLATE utf8_unicode_ci NOT NULL,
  `price` int(11) NOT NULL,
  `created_at` timestamp NULL DEFAULT NULL,
  `updated_at` timestamp NULL DEFAULT NULL,
  `category` varchar(255) COLLATE utf8_unicode_ci NOT NULL,
  `image` varchar(255) COLLATE utf8_unicode_ci NOT NULL,
  `time` varchar(255) COLLATE utf8_unicode_ci NOT NULL DEFAULT '',
  `length` varchar(255) COLLATE utf8_unicode_ci NOT NULL DEFAULT 'hours',
  `printable` tinyint(1) NOT NULL DEFAULT 0,
  `display_price` int(11) NOT NULL,
  `has_examples` tinyint(1) NOT NULL,
  PRIMARY KEY (`id`)
) ENGINE=InnoDB DEFAULT CHARSET=utf8 COLLATE=utf8_unicode_ci;

LOCK TABLES `products` WRITE;
/*!40000 ALTER TABLE `products` DISABLE KEYS */;

INSERT INTO `products` (`id`, `name`, `slug`, `price`, `created_at`, `updated_at`, `category`, `image`, `time`, `length`, `printable`, `display_price`, `has_examples`)
VALUES
	(1,'Social Graphic','social-graphic',79,'2017-09-07 10:30:55','2017-09-07 10:30:55','design','http://res.cloudinary.com/darkroast-digital/image/upload/c_scale,w_390/v1508419503/express/social-graphic.jpg','1','business day',0,79,1),
	(2,'Business Card Design','business-card',69,'2017-09-07 10:30:55','2017-09-07 10:30:55','design','http://res.cloudinary.com/darkroast-digital/image/upload/fl_progressive/v1496073410/express/business-card.jpg','2','business days',1,69,1),
	(3,'Logo Design','logo-design',229,'2017-09-07 10:30:55','2017-09-07 10:30:55','design','http://res.cloudinary.com/darkroast-digital/image/upload/c_scale,w_390/v1508420077/express/logos.jpg','2','business days',0,229,1),
	(4,'Brochure Design','brochure-design',229,'2017-09-07 10:30:55','2017-09-07 10:30:55','design','http://res.cloudinary.com/darkroast-digital/image/upload/v1508248255/express/brochure.jpg','4','business days',1,229,1),
	(5,'Tshirt Design','tshirt-design',79,'2017-09-07 10:30:55','2017-09-07 10:30:55','design','http://res.cloudinary.com/darkroast-digital/image/upload/v1508250002/express/tshirt.jpg','1','business day',0,79,1),
	(6,'Flyer Design','flyer-design',139,'2017-09-07 10:30:55','2017-09-07 10:30:55','design','http://res.cloudinary.com/darkroast-digital/image/upload/c_scale,w_390/v1508420462/express/flyer.jpg','2','business days',1,139,1),
	(7,'Banner Design','banner-design',79,'2017-09-07 10:30:55','2017-09-07 10:30:55','design','http://res.cloudinary.com/darkroast-digital/image/upload/v1508262438/express/banner.jpg','2','business days',1,79,1),
	(9,'Poster Design','poster-design',99,'2017-09-07 10:30:55','2017-09-07 10:30:55','design','http://res.cloudinary.com/darkroast-digital/image/upload/v1508424980/express/poster.jpg','2','business days',1,99,1),
	(10,'Small Website','small-website',999,'2017-09-25 10:57:41','2017-09-25 10:57:41','web','http://res.cloudinary.com/darkroast-digital/image/upload/v1506351740/express/simple.jpg','5-7','business days',0,1490,1),
	(11,'Banner - Print','print-banner',0,'2017-10-05 09:32:11','2017-10-05 09:32:11','print','http://res.cloudinary.com/darkroast-digital/image/upload/v1508424817/express/print/banner.jpg','5-7','business days',0,59,0),
	(12,'Business Cards - Print','print-business-cards',0,'2017-10-05 09:32:11','2017-10-05 09:32:11','print','http://res.cloudinary.com/darkroast-digital/image/upload/v1508424817/express/print/business-card.jpg','5-7','business days',0,34,0),
	(13,'Flyer - Print','print-flyer',0,'2017-10-05 09:32:11','2017-10-05 09:32:11','print','http://res.cloudinary.com/darkroast-digital/image/upload/v1508424817/express/print/flyer.jpg','5-7','business days',0,46,0),
	(14,'Popup - Print','print-popup',0,'2017-10-05 09:32:11','2017-10-05 09:32:11','print','http://res.cloudinary.com/darkroast-digital/image/upload/v1508424817/express/print/popup.jpg','5-7','business days',0,119,0),
	(15,'Poster - Print','print-poster',0,'2017-10-05 09:32:11','2017-10-05 09:32:11','print','http://res.cloudinary.com/darkroast-digital/image/upload/v1508424817/express/print/poster.jpg','5-7','business days',0,25,0),
	(16,'15 Second Video','video-15',199,'2017-10-05 09:34:32','2017-10-05 09:34:32','video','','2-3','business days',0,199,1),
	(17,'Medium Website','website',1999,'2017-10-05 09:35:11','2017-10-05 09:35:11','web','http://res.cloudinary.com/darkroast-digital/image/upload/v1508160661/express/5-page.jpg','7-10','business days',0,1999,1),
	(18,'60 Second Video','video-60',599,'2017-10-05 09:35:32','2017-10-05 09:35:32','video','http://res.cloudinary.com/darkroast-digital/image/upload/v1508255811/express/15.jpg','3-4','business days',0,599,1),
	(19,'Copywriting','copywriting',139,'2017-10-05 09:35:32','2017-10-05 09:35:32','more','http://res.cloudinary.com/darkroast-digital/image/upload/v1508261514/express/copywriting.jpg','2-3','business days',0,139,0),
	(20,'Popup Banner','popup-banner',129,'2017-09-07 10:30:55','2017-09-07 10:30:55','design','http://res.cloudinary.com/darkroast-digital/image/upload/v1508261400/express/banner.jpg','2','business days',1,129,1),
	(21,'Brochures - Print','print-brochures',0,'2017-10-06 15:05:40','2017-10-06 15:05:40','print','http://res.cloudinary.com/darkroast-digital/image/upload/v1508424817/express/print/business-card.jpg','5-7','business days',0,105,0);

/*!40000 ALTER TABLE `products` ENABLE KEYS */;
UNLOCK TABLES;


# Dump of table users
# ------------------------------------------------------------

DROP TABLE IF EXISTS `users`;

CREATE TABLE `users` (
  `id` int(10) unsigned NOT NULL AUTO_INCREMENT,
  `first_name` varchar(255) COLLATE utf8_unicode_ci NOT NULL,
  `last_name` varchar(255) COLLATE utf8_unicode_ci NOT NULL,
  `email` varchar(255) COLLATE utf8_unicode_ci NOT NULL,
  `phone` varchar(255) COLLATE utf8_unicode_ci NOT NULL,
  `created_at` timestamp NULL DEFAULT NULL,
  `updated_at` timestamp NULL DEFAULT NULL,
  `password` varchar(255) COLLATE utf8_unicode_ci NOT NULL,
  `company` varchar(255) COLLATE utf8_unicode_ci NOT NULL,
  PRIMARY KEY (`id`)
) ENGINE=InnoDB DEFAULT CHARSET=utf8 COLLATE=utf8_unicode_ci;

LOCK TABLES `users` WRITE;
/*!40000 ALTER TABLE `users` DISABLE KEYS */;

INSERT INTO `users` (`id`, `first_name`, `last_name`, `email`, `phone`, `created_at`, `updated_at`, `password`, `company`)
VALUES
	(1,'Josh','Stobbs','josh2@ret.net','1234578','2017-10-02 14:06:48','2017-10-02 14:06:48','$2y$10$w4.kDiyCEDqGYk.tcGbk3e/EWolaH/b6wbm8gS2S32LGWA7XLm3lW','Josh Co'),
	(2,'Josh','Stobbs','josh2@ret.net','1234578','2017-10-02 14:07:41','2017-10-02 14:07:41','$2y$10$aNJabqBAdHHOkxp269Wdq.S6VQngzbH52RpkgHuDnghhwGR1P48.K','Josh Co'),
	(3,'Josh','Stobbs','josh2@ret.net','1234578','2017-10-02 14:11:02','2017-10-02 14:11:02','$2y$10$u4okZGN12r55WRJtvukcn.VDKU04lOCwaL3jDntMg/4WWY8AAlhNy','Josh Co'),
	(4,'Josh','Stobbs','josh2@ret.net','1234578','2017-10-02 14:13:11','2017-10-02 14:13:11','$2y$10$A2/NDI4EI/dM0IkHTr7RKuLQl7ZvW/bmMl1DyGuBiWa6ux7CSrWsa','Josh Co'),
	(5,'Josh','Stobbs','josh2@ret.net','1234578','2017-10-02 14:13:33','2017-10-02 14:13:33','$2y$10$yKXQ.k4hGvidtdFyIkRK7uB/m9xD8qOMPWEvMKNi//xVO2FkJ3g/C','Josh Co'),
	(6,'sdf','sdf','sdf@sdf.ssdf','sdf','2017-10-02 14:23:13','2017-10-02 14:23:13','$2y$10$f5uYtmiyk/afZncKyBRk.eOMhR0PgsBu43ryLKSRjfvgkPnRDYspe','sdf'),
	(7,'sdf','sdf','sdf@sdf.ssdf','sdf','2017-10-02 14:25:21','2017-10-02 14:25:21','$2y$10$nvJtZfSd9dg.yTOdExvh1.Q/Ut8st/6aQUukzogGK5pCEKS7rzkfm','sdf'),
	(8,'sdf','sdf','sdf@sdf.ssdf','sdf','2017-10-02 14:33:29','2017-10-02 14:33:29','$2y$10$zJEKH0w.C249ps2ib80.YuCBeGE0aU3Jp0lbeNJqy8spkJPHNXEG.','sdf'),
	(9,'sdf','sdf','sdf@sdf.ssdf','sdf','2017-10-02 14:33:37','2017-10-02 14:33:37','$2y$10$MZEvYhwWJIVnG1.1u02DLuIXt37ov30bZrhM5GqxJ2jvzEzdn4C9W','sdf'),
	(10,'sdf','df','sdf@sdf.ssdf','12345678','2017-10-02 15:23:03','2017-10-02 15:23:03','$2y$10$81QCjdiU60SSAWeOhGG8gedlKr4yBZlIOHyGO8Agjie0t2O9152nW','dfs'),
	(11,'sdf','df','sdf@sdf.ssdf','12345678','2017-10-02 15:23:29','2017-10-02 15:23:29','$2y$10$AdtvurUBA6VbQm.Kk4kE4e78dCRtnFoq7pFcs4U1IpRbjxkZ/LYri','dfs'),
	(12,'sdf','df','sdf@sdf.ssdf','12345678','2017-10-02 15:24:15','2017-10-02 15:24:15','$2y$10$lcjpjzuGa4rEt3dNytB7peQloT.snmnxzjlqIRCTWUBhVNQdwLNgq','dfs'),
	(13,'sdf','df','sdf@sdf.ssdf','12345678','2017-10-02 15:26:52','2017-10-02 15:26:52','$2y$10$MGvevqMH.xC7FP2Hs/3V8eJe9W1ycrKAog9LI49xfz81KWGtFCobi','dfs'),
	(14,'sdf','df','sdf@sdf.ssdf','12345678','2017-10-02 15:28:12','2017-10-02 15:28:12','$2y$10$5AVq45wFWXI.AH0vAKWgBuWeJE4DbfpE.tby6rPI6IB8.ZkpV/ZEm','dfs'),
	(15,'sdf','df','sdf@sdf.ssdf','12345678','2017-10-02 15:28:24','2017-10-02 15:28:24','$2y$10$aUEpAJslf7qggKaclpG6oO5pxQV5.GzDmChu4zAdqodU6.Cc12.Ou','dfs'),
	(16,'sdf','df','sdf@sdf.ssdf','12345678','2017-10-02 15:28:48','2017-10-02 15:28:48','$2y$10$o.Wugf5o/gGWpVIj/yaBseq1KjZN3oz8bJQ9NK9gG1HFi6QERgMqq','dfs'),
	(17,'sdf','df','sdf@sdf.ssdf','12345678','2017-10-02 15:29:00','2017-10-02 15:29:00','$2y$10$/x9Yo.oK6W0uHNo0jTsBOe78xxeBU8M8L7wgh6dOiaZMWWi15hRX6','dfs'),
	(18,'sdf','df','sdf@sdf.ssdf','12345678','2017-10-02 15:30:10','2017-10-02 15:30:10','$2y$10$if9KUtbkSvJojQUtR2IsRueBTm9lIrk/U2Hb/Z4heCjtLh4DCNcwu','dfs'),
	(19,'sdf','df','sdf@sdf.ssdf','12345678','2017-10-02 15:31:17','2017-10-02 15:31:17','$2y$10$86gdfoOhIk.c3cwuNa5qieBju8LJlPFdLxU0ZJ2UQUYBrW1fHeJCm','dfs'),
	(20,'sdf','df','sdf@sdf.ssdf','12345678','2017-10-02 15:31:28','2017-10-02 15:31:28','$2y$10$E18tj2IWUlMC5nLNpt3fH.DVtxaDZ29WQV3ZNmDGaHVQ7mqQ0i5ya','dfs'),
	(21,'sdf','df','sdf@sdf.ssdf','12345678','2017-10-02 15:31:46','2017-10-02 15:31:46','$2y$10$Qr.DzhOMaGlctoONbZI3PeP2t2KqG38Qxl14fegKgwE7DOSvyJhCy','dfs'),
	(22,'sdf','df','sdf@sdf.ssdf','12345678','2017-10-02 15:33:58','2017-10-02 15:33:58','$2y$10$tFz1tRzRq/y2G6v6bZH68ugLEcu83ixoJ9Wv8DdFGRSwdKcbkDPWS','dfs'),
	(23,'sdf','df','sdf@sdf.ssdf','12345678','2017-10-02 15:34:43','2017-10-02 15:34:43','$2y$10$8wgs3KihrOFXiu5fTv5mFeUWVXJK9AK/8lslhlNRGi37LOe3JsfCi','dfs'),
	(24,'sdf','df','sdf@sdf.ssdf','12345678','2017-10-02 15:34:53','2017-10-02 15:34:53','$2y$10$COqS8KuhJVlScJ0OrfKh1.2dK.sIm4d7q3kEAuRJCv9HnvkhzXMGa','dfs'),
	(25,'sdf','df','sdf@sdf.ssdf','12345678','2017-10-02 15:35:14','2017-10-02 15:35:14','$2y$10$9zmAish6.Wf9lek9VeVV3e5dz5hJL2tDais9qSLO4CF7.F/WpO6Ay','dfs'),
	(26,'sdf','df','sdf@sdf.ssdf','12345678','2017-10-02 15:35:32','2017-10-02 15:35:32','$2y$10$vXVs1vZuP/ss5e8gOrtb6.ERmFrlIQqejDoP9qB.2yUMmw7u8m4GW','dfs'),
	(27,'sdf','sdf','sdf@sdf.ssdf','12345678','2017-10-02 15:35:53','2017-10-02 15:35:53','$2y$10$TAyhrXbkE/h8S4IyeYhxdeskDfkB7./XRFrkm.oCOP4BweTrguD0m','sdf'),
	(28,'sdf','sdf','sdf@sdf.ssdf','12345678','2017-10-02 15:39:15','2017-10-02 15:39:15','$2y$10$HEw7T1m/pvYp6t2CpMAiresXDA.mBFZskiNj9zTeBDVYMt.dG2YpO','sdf'),
	(29,'sdf','sdf','sdf@sdf.ssdf','sdf','2017-10-02 15:39:33','2017-10-02 15:39:33','$2y$10$IWwr.abrdPoDC.kfnac5IeSY3UObcvBh0f2I/mo6GMYtsBRA3C2TC','sdf'),
	(30,'sdf','sdf','sdf@sdf.ssdf','sdf','2017-10-02 15:40:13','2017-10-02 15:40:13','$2y$10$K5N6pV.SSilgsfymVrcpP.hjvhPmSR71jeYsHb33OnvEzEDjJHVli','sdf'),
	(31,'sdf','sdf','sdf@sdf.ssdf','sdf','2017-10-02 15:40:27','2017-10-02 15:40:27','$2y$10$H2KO72Ox8jzhU./5zmyRMOpSSkHrx5xG2VW5vcb.056kS.84WmX0i','sdf'),
	(32,'sdf','sdf','sdf@sdf.ssdf','1234567','2017-10-05 14:56:11','2017-10-05 14:56:11','$2y$10$rvxzlE0/gBGE6qyRPLH8kel/spb0389sdRjt.rtUzRRgg6UgJ6Yjm','sdf'),
	(33,'sdf','sdf','sdf@sdf.ssdf','sdf','2017-10-05 14:57:37','2017-10-05 14:57:37','$2y$10$gwGhLw30w5A22CS6mMCHMeCMF9v6bMfhEdtmapHKTSFRdLDlpXtnS','sdf'),
	(34,'sdf','sdf','sdf@sdf.ssdf','123456789','2017-10-06 17:31:41','2017-10-06 17:31:41','$2y$10$DBO85bc.te2JdHFna8Bm6OwsaPNJeE0BqsrlBjGwu6pXgd2awWvue','sdf'),
	(35,'sdf','sdf','sdf@sdf.ssdf','123456789','2017-10-06 17:45:33','2017-10-06 17:45:33','$2y$10$oAz81Msv5SxFHZH9hlThPu1WpBbjwahB17ET8P9C/mMdcsN2GMhUq','sdf'),
	(36,'sdf','sdf','sdf@sdf.ssdf','s12345678','2017-10-06 17:46:00','2017-10-06 17:46:00','$2y$10$u/ZzSYiKNfWQSiqHeFnVPuzU6hzfacMXkeQhkUahlMdqNhbiXp2nm','sdf'),
	(37,'sdf','sdf','sdf@sdf.ssdf','s12345678','2017-10-06 17:47:13','2017-10-06 17:47:13','$2y$10$MPJjyXT40DqfCV9baNPURugl/biNMPSUKMY0/JV8X34lQifkvOz3i','sdf'),
	(38,'sdf','sdf','sdf@sdf.ssdf','sdf','2017-10-06 17:47:32','2017-10-06 17:47:32','$2y$10$TyeYlBfxxAalJLLrXjTd1O/LkkcEh4/Kog2diGzVuJhv67MaRY3oC','sdf'),
	(39,'sdf','sdf','sdf@sdf.ssdf','sdf','2017-10-06 17:48:43','2017-10-06 17:48:43','$2y$10$E81iB7kwDKAV6vgFfUEBc.YuSxWqptSEPJxJ7DuJkXHef1zltZXCy','sdf'),
	(40,'sdf','sdf','sdf@sdf.ssdf','sdf','2017-10-06 17:49:00','2017-10-06 17:49:00','$2y$10$/FyGpX3vk7ee/yChtgL7Reps7FOQ.lSE2eh1layK2bIQWLzqcle9W','sdf'),
	(41,'sdf','sdf','sdf@sdf.ssdf','sdf','2017-10-06 17:49:18','2017-10-06 17:49:18','$2y$10$LxDsVrFziOhFjpGRe4n7UeNkOyZYL8vOU0p6QDKH0lNx0j9LARWJu','sdf'),
	(42,'sdf','sdf','sdf@sdf.ssdf','sdf','2017-10-06 17:49:41','2017-10-06 17:49:41','$2y$10$2YpQ.LflfuYIKeJAPgW6Aeww.WcfiWU2plpJ4xU3P1PCLYeVdV2lK','sdf'),
	(43,'sdf','sdf','sdf@sdf.ssdf','sdf','2017-10-06 17:50:10','2017-10-06 17:50:10','$2y$10$ogVOYhsJ5x.H0Xqz3hevwukRnrTqjFoS5Kem0shbjWsTAoaCFLKxi','sdf'),
	(44,'sdf','sdf','sdf@sdf.ssdf','sdf','2017-10-06 17:50:25','2017-10-06 17:50:25','$2y$10$6ywk08Ztx7YU13EMSW/X1O8scGbZetdl0zD4H98TFAbddqg9OGZw.','sdf'),
	(45,'sdf','sdf','sdf@sdf.ssdf','sdf','2017-10-06 17:50:45','2017-10-06 17:50:45','$2y$10$t8RL4huW.7mZJ/YuRrQQNeLCMY0YcL4rBkvGmZn.yXr7UXGrg3ima','sdf'),
	(46,'sdf','sdf','sdf@sdf.ssdf','sdf','2017-10-06 17:51:02','2017-10-06 17:51:02','$2y$10$7r1PCviW1gWCnb3vheEizuDWHK87ttXDQtSxXdGtwVYB4ufuMikZu','sdf'),
	(47,'sdf','sdf','sdf@sdf.ssdf','sdf','2017-10-06 17:51:23','2017-10-06 17:51:23','$2y$10$qusJp9LE7kRfidG4385y2eba6AcKLh6NhaUVq8zEb0akY2Ti5bVle','sdf'),
	(48,'sdf','sdf','sdf@sdf.ssdf','sdf','2017-10-06 17:51:41','2017-10-06 17:51:41','$2y$10$qZ.XGK7t0pTOPvu15HOmDOMnIf8GyD4grmvEoJzv5KZbo8f1te61C','sdf'),
	(49,'sdf','sdf','sdf@sdf.ssdf','sdf','2017-10-06 17:52:35','2017-10-06 17:52:35','$2y$10$Efxk5sV3eTsjO/632Kr9MuRnCcqNAeSC18fqFMrHc2BrNxGjtvNs2','sdf'),
	(50,'sdf','sdf','sdf@sdf.ssdf','sdf','2017-10-06 18:19:42','2017-10-06 18:19:42','$2y$10$aBuOypr1kgnPAA9TCPZOi.5jCmgE.tu/yIYxp1fI5tXKh/2EPjuYC','sdf'),
	(51,'sdf','sdf','sdf@sdf.ssdf','sdf','2017-10-06 18:22:20','2017-10-06 18:22:20','$2y$10$VoDVIRTWIisavaKtqaX3hOh0F6WvzQir5eEldGEtm2qWtqPtwDlZK','sdf'),
	(52,'sdf','df','sdf@sdf.ssdf','sdf','2017-10-06 18:22:42','2017-10-06 18:22:42','$2y$10$nqqid8u2Z9tfZFSUFOi1EuNuV5tJys86.Wh66n9SOm6HlbLHlU.Ce','sdf'),
	(53,'sdf','df','sdf@sdf.ssdf','sdf','2017-10-06 18:23:02','2017-10-06 18:23:02','$2y$10$47x2VlOQy7uijthYqS8vTe0btYvw1LMTGZU6k6X/.vTDeotqUtG5K','sdf'),
	(54,'sdf','sdf','sdf@sdf.ssdf','sdf','2017-10-06 18:23:24','2017-10-06 18:23:24','$2y$10$8LF30F0BNWqsf0tqnzco/Oq36obI5g3fLYX6t4LHjKchzwia59XBK','sdf'),
	(55,'sdf','sdf','sdf@sdf.ssdf','sdf','2017-10-06 18:23:33','2017-10-06 18:23:33','$2y$10$8gFURDY1btxkxaIg0ajbZeulon9Rb1qSmIF5W58sKkN85I.8MR5AC','sdf'),
	(56,'sdf','sdf','sdf@sdf.ssdf','sdf','2017-10-06 18:24:10','2017-10-06 18:24:10','$2y$10$2o.L5IeXsmZa.VyPKoDiPOcY/eEAUG/nA0ffNcfF.3uhSsUreSlJ6','dsf'),
	(57,'sdf','sdf','sdf@sdf.ssdf','sdf','2017-10-06 18:24:19','2017-10-06 18:24:19','$2y$10$9JF5qnj..acx7Lo3.J9RwOHGkxbxklYsf6DWlWd6ksvtk1SIcUzVC','dsf'),
	(58,'sdf','sdf','sdf@sdf.ssdf','sdf','2017-10-06 18:24:37','2017-10-06 18:24:37','$2y$10$Oh7XIfSuaExXF4KrZXorpObHi0eJa06Knuv/mxVqMPDKmR32jGvQy','sdf'),
	(59,'sdf','sdf','sdf@sdf.ssdf','sdf','2017-10-06 18:25:35','2017-10-06 18:25:35','$2y$10$4de.gYkklN6WJHTxuA0P2u/tyuVtz/APDIRj5Nt9qpwLTKXlFtxdW','sdf'),
	(60,'sdf','sdf','sdf@sdf.ssdf','123456789','2017-10-06 20:38:00','2017-10-06 20:38:00','$2y$10$TpiKaLKZY/vYWHDkn89/m.vlGkBA3F7zlvzO6rvsGrXzKRZhuV.g.','sdf'),
	(61,'sdf','sdf','sdf@sdf.ssdf','sdf','2017-10-10 15:10:59','2017-10-10 15:10:59','$2y$10$HxRPQsO1qITFRoMQdFcXuuSYIQJZnl0K9SuKoRLb6lCpi9fuDfhvi','sdf'),
	(62,'sdf','sdf','sdf@sdf.ssdf','sdf','2017-10-10 18:40:55','2017-10-10 18:40:55','$2y$10$Ycpv3nSYmSgiq1dUm3K4NuB6cDj5auBg2dZY.uN1ZdlhuEIXdVD6q','sdf'),
	(63,'sdf','sdf','sdf@sdf.ssdf','sdf','2017-10-10 18:42:01','2017-10-10 18:42:01','$2y$10$ERjvsGAjVSWtpfUIVYKc7OKLiYKJq6HhVhuTSgXFZRifqwWQXNvv2','sdf'),
	(64,'sdf','sdf','sdf@sdf.ssdf','sdf','2017-10-10 18:49:35','2017-10-10 18:49:35','$2y$10$qTOtQZGubfApv.OOIaO/neZrpaCVvxWCrIlz4mnFJTfamDtXZ0AtC','sdf'),
	(65,'Josh','Stobbs','joshstobbs@gmail.com','2263448384','2017-10-11 15:05:57','2017-10-11 15:05:57','$2y$10$rg0KC/NPHO/CR7fuGOB.xeZJu3Sk3381/3tgMqYLaIeg3W7s7o4Uu','Josh Co'),
	(66,'sdf','sdf','sdf@sdf.ssdf','125789','2017-10-11 15:28:26','2017-10-11 15:28:26','$2y$10$yDQcSWfTQaIqrNC7aChWCOB4Z9CUKbcoPGl00M7vcaesVLHRHhfpa','sdf'),
	(67,'sdf','sdf','sdf@sdf.ssdf','123456789','2017-10-11 18:48:50','2017-10-11 18:48:50','$2y$10$G4ZeD6X/6sNia/0x9dmYQeGJBb6XWl0IIBmBZ/hFYzVNrXAnbnMsG','sdf'),
	(68,'sdf','sdf','sdf@sdf.ssdf','sdf','2017-10-11 18:50:41','2017-10-11 18:50:41','$2y$10$pJRHBE8wSlY.12TGwDyh3O2U5d2CZpUwsILYOG4/5mokWK07qmhDK','sdf'),
	(69,'sdf','sdf','sdf@sdf.ssdf','sdf','2017-10-11 18:52:27','2017-10-11 18:52:27','$2y$10$BleZZ3JOQwiGTGsA4jjVWeuV2p2j1z/R.qB01TxfDoA/2V9eqQiJ6','sdf'),
	(70,'sdf','sdf','sdf@sdf.ssdf','sdf','2017-10-11 18:57:49','2017-10-11 18:57:49','$2y$10$qFpxeUgIMEa2k9/8hbrLO.tF0WIFJDT95iU2FvZJG6fwWQDx.aKpu','sdf'),
	(71,'sdf','sdf','sdf@sdf.ssdf','sdf','2017-10-11 18:58:03','2017-10-11 18:58:03','$2y$10$1bfQX6hUF0hwnZRiHnpMRe28BVPXFsVkiWB.rOHlBcmEaR9xLaeGi','sdf'),
	(72,'sdf','sdf','sdf@sdf.ssdf','sdf','2017-10-11 18:58:11','2017-10-11 18:58:11','$2y$10$5j1cjthbMn8YdFNAFNd02.7Nc0OQiszTyt4qxPRFhtUUQbGIjD3Pu','sdf'),
	(73,'sdf','sdf','sdf@sdf.ssdf','sdf','2017-10-11 19:01:38','2017-10-11 19:01:38','$2y$10$gif9flZM8Yt19RWvikfEIu/9GWCvsuq0Wcbh0KJ7Yy62dEMsnnp1u','sdf'),
	(74,'sfd','sdf','sdf@sdf.ssdf','sdf','2017-10-13 13:56:58','2017-10-13 13:56:58','$2y$10$3.XiF0gCBX4lqCvmMY/zAObfsDTzBLudkR.dy92YgZ9W/c0H2Jw4W','sdf'),
	(75,'sfd','sdf','sdf@sdf.ssdf','sdf','2017-10-13 13:57:25','2017-10-13 13:57:25','$2y$10$WEWFu9E6l5h598/s19b3yewm7aEPlo8QFcuJd69oavNQCjX30xZ5a','sdf'),
	(76,'sdf','sdf','sdf@sdf.ssdf','sdf','2017-10-13 13:57:53','2017-10-13 13:57:53','$2y$10$v/7ZqAtwAO3.0Xfmo/ozq.smJgBx4qlxBqF1KEABzdyrONMzQQ34q','sdf'),
	(77,'sdf','sdf','sdf@sdf.ssdf','sdf','2017-10-13 13:58:34','2017-10-13 13:58:34','$2y$10$xwh8qsq7XxXqD19OJ1b/2ebaA50upSM2uGu44K11fW1pPxku/ERLm','sdf'),
	(78,'sdf','sdf','sdf@sdf.ssdf','sdf','2017-10-13 13:59:29','2017-10-13 13:59:29','$2y$10$kodjJRxtkXuYxarMoxml3.lMsp7g.TvZmtmZqYCoivXrL6TBWsyC2','sdf'),
	(79,'sdf','sdf','sdf@sdf.ssdf','sdf','2017-10-13 14:00:06','2017-10-13 14:00:06','$2y$10$AsBA.loxuciKk/3H0iQdNelM8rnMu0pgOUD4bJICYHtpAoIjmF202','sdf'),
	(80,'sdf','sdf','sdf@sdf.ssdf','sdf','2017-10-13 14:00:29','2017-10-13 14:00:29','$2y$10$cGVyYSap/Ll/batPW3.CW.5UVqEyL24zvnx8/aA.esxJl0r9cpavC','sdf'),
	(81,'sdf','sdf','sdf@sdf.ssdf','sdf','2017-10-13 14:00:51','2017-10-13 14:00:51','$2y$10$72xWo29J9jH.YpLGMoo65.AuP27aqzxZdr151heY.kQukarrQrypy','sdf'),
	(82,'sdf','sdf','sdf@sdf.ssdf','sdf','2017-10-13 14:01:03','2017-10-13 14:01:03','$2y$10$PReJdlQsNUs6U1j2iFQL4eUJqOpK4jZ.J6EzjIqjxOsXNQvyIt2r2','sdf'),
	(83,'sdf','sdf','sdf@sdf.ssdf','sdf','2017-10-13 14:01:08','2017-10-13 14:01:08','$2y$10$7aWRvhPmePVMB2rxHCu/jOUgtGjVvZCd7qMOFGBVB63QvMAUcnbK.','sdf'),
	(84,'sdf','sdf','sdf@sdf.ssdf','sdf','2017-10-13 14:01:18','2017-10-13 14:01:18','$2y$10$/Pb5XKMucVRz1hqHZBV9o.gCh2v4ikXBQ2MIG9bLfgfozBI6mNoFu','sdf'),
	(85,'sdf','sdf','sdf@sdf.ssdf','sdf','2017-10-13 14:01:44','2017-10-13 14:01:44','$2y$10$T80My3OvgncNaYYE.l8tNehnYJePXJZjd30c1FmQLU4w8oDqfjTby','sdf'),
	(86,'sdf','sdf','sdf@sdf.ssdf','sdf','2017-10-13 14:01:51','2017-10-13 14:01:51','$2y$10$ZroZU4FU7L.2GycFWztZcu5Npincb7Lzids3sQlG4/RftnuEYANym','sdf'),
	(87,'sdf','sdf','sdf@sdf.ssdf','sdf','2017-10-13 14:02:06','2017-10-13 14:02:06','$2y$10$Eln/h/v1ZjCQvQA0uzi7K.JASzVfNrudILHsh76aoAjkHGYaecrAq','sdf'),
	(88,'sdf','sdf','sdf@sdf.ssdf','sdf','2017-10-13 14:02:10','2017-10-13 14:02:10','$2y$10$JJz2piYSINvPPDB0NwsGquszxA4an3/uo0wvFWSoCOGoBqXLxenve','sdf'),
	(89,'sdf','sdf','sdf@sdf.ssdf','sdf','2017-10-13 14:02:13','2017-10-13 14:02:13','$2y$10$sGJ7/YiQtLimvUfqa/TCnufNPrmAcy4tD3C1oIqt7AmYiExG.tmS.','sdf'),
	(90,'sdf','sdf','sdf@sdf.ssdf','sdf','2017-10-13 14:02:23','2017-10-13 14:02:23','$2y$10$N3L/DVc18uRF6XaCt9QceOx2Sz9Fxr6OQputpciW7XluDpt/j10Ba','sdf'),
	(91,'sdf','sdf','sdf@sdf.ssdf','sdf','2017-10-13 14:02:29','2017-10-13 14:02:29','$2y$10$fSPofQiOSgYzTs.pDhkiq.VOWuZsuwb1CYy/2yLkIKVNlwGVGBIFy','sdf'),
	(92,'sdf','sdf','sdf@sdf.ssdf','sdf','2017-10-13 14:03:54','2017-10-13 14:03:54','$2y$10$uscy2TperJYF9NzHZRaNYe3yDEkQSgUf5IOWtDKaxqGMjNTbL5uca','sdf'),
	(93,'sdf','sdf','sdf@sdf.ssdf','sdf','2017-10-13 14:05:49','2017-10-13 14:05:49','$2y$10$c5B5JPhe9W3cZ40BuK7niOesWZp8oDMLPYH.E2kp3qygkY01Ps3Ha','sdf'),
	(94,'sdf','sdf','sdf@sdf.ssdf','sdf','2017-10-13 14:05:57','2017-10-13 14:05:57','$2y$10$YmeAf1TjSig0.emKINFs4Oxrb9Rr5Clgm9zGTM6zXby.wk1ecXUaa','sdf'),
	(95,'sdf','sdf','sdf@sdf.ssdf','sdf','2017-10-13 14:06:12','2017-10-13 14:06:12','$2y$10$AZJ7SkecbbPoT6Qx6O5gHu0KHmqvvr3heLmhHp0Ht5gYbgY0m22H.','sdf'),
	(96,'sdf','sdf','sdf@sdf.ssdf','sdf','2017-10-13 14:06:26','2017-10-13 14:06:26','$2y$10$DFtBo9kbaRY5.WdHUCltGe4cxg8E7hKglrbfXGmFWH1LQP2YiqvZS','sdf'),
	(97,'sdf','sdf','sdf@sdf.ssdf','sdf','2017-10-13 14:06:32','2017-10-13 14:06:32','$2y$10$F56fAxcttgoC.q.c/c9Q5.B1cxG2N0hH7wAFXVAVZtC9h23v97cJ.','sdf'),
	(98,'sdf','sdf','sdf@sdf.ssdf','sdf','2017-10-13 14:06:36','2017-10-13 14:06:36','$2y$10$lBMyLVOECwsTgxJ8CdKf1Oab.HczxThCaek2wevkPrjkxOhiaJ2JK','sdf'),
	(99,'sdf','sdf','sdf@sdf.ssdf','sdf','2017-10-13 14:06:40','2017-10-13 14:06:40','$2y$10$qZ4P5W6gdterNgYMrcBCFebGyp3wA3dN/Cq2JNHCmsKLBSUrLJbxC','sdf'),
	(100,'sdf','sdf','sdf@sdf.ssdf','sdf','2017-10-13 14:06:56','2017-10-13 14:06:56','$2y$10$hSj1j3eombVMwmnRPAB5ouv6HrUYYylYTzEd0YduMJK2ZOPDU2ByO','sdf'),
	(101,'sdf','sdf','sdf@sdf.ssdf','sdf','2017-10-13 14:07:28','2017-10-13 14:07:28','$2y$10$S/07oOv72v7hlL44zt3agep2sGQANLG6P3BM3K8gsLsUeBX2cScEi','sdf'),
	(102,'sdf','sdf','sdf@sdf.ssdf','sdf','2017-10-13 14:07:47','2017-10-13 14:07:47','$2y$10$B3dQzptvypy90W7WSoWkouwcCKjKKbHmm6eJkZ9uo6huZsW5ZF91C','sdf'),
	(103,'sdf','sdf','sdf@sdf.ssdf','123456789','2017-10-13 14:08:16','2017-10-13 14:08:16','$2y$10$O6qW.xMywT63o2aPTN9Ufu6nvmcXmn7Ai7MhaeQLjVY.FwgU0TwPy','sdf'),
	(104,'sdf','sdf','sdf@sdf.ssdf','123456789','2017-10-13 14:08:30','2017-10-13 14:08:30','$2y$10$z85P7r2QzCaLgDOQQapRjON82RJDjiCCNXo2EjeRSaBGW5Qw1CPui','sdf'),
	(105,'sdf','sdf','sdf@sdf.ssdf','123456789','2017-10-13 14:08:51','2017-10-13 14:08:51','$2y$10$tA1HoEMR.mUKkCuB3fjg1u2.wxVNOyjTBffyiY2YRcMVWzjNQHVcq','sdf'),
	(106,'sdf','sdf','sdd@sdf.sdf','sdf','2017-10-16 15:53:05','2017-10-16 15:53:05','$2y$10$iN/jusYCs9S9Kl/V6CL7R.LYkU8HIBCHpnNGP7cOD4KV7876woWCy','sdfd'),
	(107,'sdf','sdf','sdd@sdf.sdf','sdf','2017-10-16 15:53:24','2017-10-16 15:53:24','$2y$10$AFGpZXVwrlID49m8JRiCAO3Cap.KoVngr43AyuP7R/qc4eHkvL/.a','sdfd'),
	(108,'sdf','sdf','sdd@sdf.sdf','sdf','2017-10-16 15:53:30','2017-10-16 15:53:30','$2y$10$pW98bjLniFAp9Choz17R7esqtcJmVpzYmaPsKA4K2lhkP0Zb.0mOW','sdfd'),
	(109,'sdf','sdf','sdd@sdf.sdf','sdf','2017-10-16 15:53:37','2017-10-16 15:53:37','$2y$10$oszE8bKT9kbh0SMGMaNKH.12hTv7uAf6RHYSQw.PNNuueMoH/bXk2','sdfd'),
	(110,'sdf','sdf','sdd@sdf.sdf','sdf','2017-10-16 15:55:11','2017-10-16 15:55:11','$2y$10$g8MQrCFeuhBi5QSjVReoJekuK3vYJjJwi2WaeY.BR0Utgo6X.dIBK','sdfd'),
	(111,'sdf','sdf','sdf@sdf.ssdf','sdf','2017-10-16 17:08:34','2017-10-16 17:08:34','$2y$10$DXhRoQD/lQsSyaLmGfLWP.euYmJxjiVfOigJp7oqqZi0tXaG5feiq','sdf'),
	(112,'sdf','sdf','sdf@sdf.ssdf','sdf','2017-10-16 17:09:00','2017-10-16 17:09:00','$2y$10$9hdYbhOl0Wxlw9Xtl14npug6qp65TFBzvhPpYMiIwi7NE5IwS4Ga6','sdf'),
	(113,'sdf','sdf','sdf@sdf.ssdf','sdf','2017-10-16 17:09:12','2017-10-16 17:09:12','$2y$10$XqJwOvIwtVHgS6./cfcQjuJYbaeex9xMc9ei23/9D4F1EWn4wnyO6','sdf'),
	(114,'sdf','sdf','sdf@sdf.ssdf','sdf','2017-10-16 17:10:10','2017-10-16 17:10:10','$2y$10$RAhlhXlIYr4H.5fZba2c3eGiW2/U4QuPYrLw7GHx9nXbYjSIoQ1He','sdf'),
	(115,'sdf','sdf','sdf@sdf.ssdf','sdf','2017-10-16 17:10:14','2017-10-16 17:10:14','$2y$10$N.WGGcbvlfQMWpxfr3Uf6u6ruzfycJp7oCAlzeBf1fMSOPOly7VLy','sdf'),
	(116,'sdf','sdf','sdf@sdf.ssdf','sd','2017-10-16 17:15:06','2017-10-16 17:15:06','$2y$10$YepytV3AOSF1LltZ5sMYKOct.ICYkRozYBQZHaye1CkVlPhnqAHhS','sdf'),
	(117,'sdf','sdf','sdf@sdf.ssdf','sd','2017-10-16 17:15:11','2017-10-16 17:15:11','$2y$10$OxV0RTrYimWB5sgCo2EvdOZhz9fluwjzuGO8n97wkU156ThKRwvKO','sdf'),
	(118,'sdf','sdf','sdf@sdf.ssdf','sd','2017-10-16 17:15:48','2017-10-16 17:15:48','$2y$10$5aofUp4EZ1vRmVoiP6F.IOkO51UG3mzWNSyOA9tk.I.Q4e4QyXmz.','sdf'),
	(119,'sdf','sdf','sdf@sdf.ssdf','sd','2017-10-16 17:16:11','2017-10-16 17:16:11','$2y$10$dEBirvBa1qCXysDvhlCAFuYFGhg3wD8Yer5QlR1.hcQXn.ryS4c76','sdf'),
	(120,'sdf','sdf','sdf@sdf.ssdf','sd','2017-10-16 17:16:25','2017-10-16 17:16:25','$2y$10$I62f3GQx/14wKN9zlkUy7u/Clehj4CGbQ/GBu8WxqeFzuf3E1fFDm','sdf'),
	(121,'sdf','sdf','sdf@sdf.ssdf','sd','2017-10-16 17:16:33','2017-10-16 17:16:33','$2y$10$tsQSqBER/ltIEprWVhKKceJ715PdtcCVNc0R/8wxVAiDOhnTtwHvO','sdf'),
	(122,'sdf','sdf','sdf@sdf.ssdf','sd','2017-10-16 17:16:37','2017-10-16 17:16:37','$2y$10$B.ekmmPlaCJKXzTDgKSoZOLFzixuSyCbs9/O16t0PBFYVNYTF6jJ2','sdf'),
	(123,'sdf','sdf','sdf@sdf.ssdf','sd','2017-10-16 17:17:23','2017-10-16 17:17:23','$2y$10$FWSJpnLZeY0eiSBx8tmJ.eZ.puxo.SQh4VkiVyHBbVzjEVAC.hDEW','sdf'),
	(124,'sdf','sdf','sdf@sdf.ssdf','sd','2017-10-16 17:18:37','2017-10-16 17:18:37','$2y$10$9yPZW5nEh00jlb/G6AMrOuGVS9OkWNuICe52HtOCkxQNjAI30TPW.','sdf'),
	(125,'sdf','sdf','sdf@sdf.ssdf','sd','2017-10-16 17:18:43','2017-10-16 17:18:43','$2y$10$5475BHpZYDWUZw/9HYAPoe6uGMKUWRelHf1DJOff1YySBf.Wmx9ky','sdf'),
	(126,'sdf','sdf','sdf@sdf.ssdf','sd','2017-10-16 17:19:31','2017-10-16 17:19:31','$2y$10$3TwmS.TMMaQfT3b5bglkreuXmSVC1sv/MJpvN7yodfzYI4GYr8A9u','sdf'),
	(127,'sdf','sdf','sdf@sdf.ssdf','sd','2017-10-16 17:19:52','2017-10-16 17:19:52','$2y$10$EeUHfJO6f5ZEGzxzmOhqB.vZUPp07JFxCsdHhCagwWK7OxQgRwoGq','sdf'),
	(128,'sdf','sdf','sdf@sdf.ssdf','sd','2017-10-16 17:22:50','2017-10-16 17:22:50','$2y$10$lX3PbiCYyG6Oxc2dzg2sHOk70wvXVxYMOZ6aMVwsqOrMbed6xq6sK','sdf'),
	(129,'sdf','sdf','sdf@sdf.ssdf','sd','2017-10-16 17:23:06','2017-10-16 17:23:06','$2y$10$15kn.PEG9gYepSes7vsDaeLEPt5oMuJUcOvldo07fOtIhqPk4jO0C','sdf'),
	(130,'sdf','sdf','sdf@sdf.ssdf','sd','2017-10-16 17:24:31','2017-10-16 17:24:31','$2y$10$Wtsf8fO3zM2QahLVBehfwu7bflF59GWMEfUrFBze73MyxCiOkVRX.','sdf'),
	(131,'sdf','sdf','sdf@sdf.ssdf','sd','2017-10-16 17:25:12','2017-10-16 17:25:12','$2y$10$mLUN.9fBdBVgwLkRUVf9fOVDxSykX401y6xqfyVbq.fiszU0TM.4u','sdf'),
	(132,'sdf','sdf','sdf@sdf.ssdf','sd','2017-10-16 17:25:45','2017-10-16 17:25:45','$2y$10$fD6XPvso9DirZIflbB.Ace9d4yCycalAliuJyKbP7eFxwF.6jId36','sdf'),
	(133,'sdf','sdf','sdf@sdf.ssdf','sd','2017-10-16 17:26:02','2017-10-16 17:26:02','$2y$10$QfR5.OEuR7APjDWFsgQnyO0mJlV7xDPTNG/TAblWiBmytUQc/dcZW','sdf'),
	(134,'sdf','sdf','sdf@sdf.ssdf','sd','2017-10-16 17:26:36','2017-10-16 17:26:36','$2y$10$mEsYma9sCmT943fhbyK4iuK30z.ZzagQ54See5aEDL9pp8Frhf2.W','sdf'),
	(135,'sdf','sdf','sdf@sdf.ssdf','sd','2017-10-16 17:29:16','2017-10-16 17:29:16','$2y$10$GzUlAn/7.8mZ0m1.iQ.DDOYpV56x9LSp1Xf71s7pivXkWyto4PHVW','sdf'),
	(136,'sdf','sdf','sdf@sdf.ssdf','df','2017-10-16 17:29:40','2017-10-16 17:29:40','$2y$10$UHbzmlzAbsLVesKP.dpuVelEm5GDEeWUcC8B8yKoeFddTgTBixTFi','sdf'),
	(137,'sdf','sdf','sdf@sdf.ssdf','df','2017-10-16 17:29:53','2017-10-16 17:29:53','$2y$10$EuRX3JX4KKuNmkz7s9oSyOZudyPLYHlP4MpOtR1/LG76OO0Z2eBJK','sdf'),
	(138,'sdf','sdf','sdf@sdf.ssdf','df','2017-10-16 17:34:04','2017-10-16 17:34:04','$2y$10$2gTklbb7V08.Blf6WudRdeljqzeyz7Gn5sg0H9tYXjaUDONOKltu.','sdf'),
	(139,'sdf','sdf','sdf@sdf.ssdf','df','2017-10-16 17:41:17','2017-10-16 17:41:17','$2y$10$NfpUXmGat.rVQF4eDjhaKe44JfTP3PU8RLnyxoc7OV6YQtPQk9676','sdf'),
	(140,'sdf','sdf','sdf@sdf.ssdf','df','2017-10-16 17:41:24','2017-10-16 17:41:24','$2y$10$UMEga9ta4bRlPztUyb/RDeSOeBnyzZ7e.tP3nz5DnKwX0gZBVXOnm','sdf'),
	(141,'sdf','sdf','sdf@sdf.ssdf','df','2017-10-16 17:41:41','2017-10-16 17:41:41','$2y$10$1bgL7wt7gj.Mjq2aJAN9XOxgrHkCFTiEeDqSb0npAm9l1BQgN5oMO','sdf'),
	(142,'sdf','sdf','sdf@sdf.ssdf','df','2017-10-16 17:41:55','2017-10-16 17:41:55','$2y$10$OzCTceqtx7o8s6fbR8FnNOuxZlgnaJ3bFDdDzRpJF6XIiudlzvXpW','sdf'),
	(143,'sdf','sdf','sdf@sdf.ssdf','df','2017-10-16 17:42:11','2017-10-16 17:42:11','$2y$10$YKn3ZGiALnE.LZsbib2to.57KbC8qPxQYCIwcueJi6.xEJRwZr8hW','sdf'),
	(144,'sdf','sdf','sdf@sdf.ssdf','df','2017-10-16 17:43:33','2017-10-16 17:43:33','$2y$10$jGfjZwLJbaWnk7dh6YJsU.rHvp4aMJsM.aTFXudytG9UnBeW8mhIe','sdf'),
	(145,'sdf','sdf','sdf@sdf.ssdf','df','2017-10-16 17:43:40','2017-10-16 17:43:40','$2y$10$k/Bd4VLDX0Vsh6XFkE0Wseu/HiO5QzUkxRzOZNuTVq37kwOiBkM36','sdf'),
	(146,'sdf','sdf','sdf@sdf.ssdf','df','2017-10-16 17:43:44','2017-10-16 17:43:44','$2y$10$Y6CX5gKp3PhRgrmSPf0dEuSAUkTt28rq6d1HshbqkiRzv5Y9xJTo6','sdf'),
	(147,'sdf','sdf','sdf@sdf.ssdf','df','2017-10-16 17:44:04','2017-10-16 17:44:04','$2y$10$d1Q4I1pqKCeIg/CHTBcLA.kxxCAemSS1wrE3SfeCyLnxplFzKBgRS','sdf'),
	(148,'sdf','sdf','sdf@sdf.ssdf','df','2017-10-16 17:44:54','2017-10-16 17:44:54','$2y$10$OBc2hscRqk7fEVeEPTeRzOXofExbdUUu8.xynnjiDpX55r.1A7qry','sdf'),
	(149,'sdf','sdf','sdf@sdf.ssdf','df','2017-10-16 17:45:01','2017-10-16 17:45:01','$2y$10$rSlIcIPbFFcNJjmBz23U.eko/nzcPg3sekISLYJm/gIiCuQQJnBoW','sdf'),
	(150,'sdf','sdf','sdf@sdf.ssdf','df','2017-10-16 17:53:05','2017-10-16 17:53:05','$2y$10$yK/QOGO5VNJd4HBmLcCFF.3co6SqXjWnlc5OxUvxmsvNHF1pHQC4C','sdf'),
	(151,'sdf','sdf','sdf@sdf.ssdf','df','2017-10-16 17:53:37','2017-10-16 17:53:37','$2y$10$M4fp1eyB6g13TQVeBxe6Ren6beYj65H3m2rtNRXm2I303kcX7omOe','sdf'),
	(152,'sdf','sdf','sdf@sdf.ssdf','df','2017-10-16 17:53:46','2017-10-16 17:53:46','$2y$10$D7FD.Ay1m33UWEybZSZ5/u0.420unst3IgdFWHFnNZHAFFyeHwZGq','sdf'),
	(153,'sdf','sdf','sdf@sdf.ssdf','df','2017-10-16 17:54:57','2017-10-16 17:54:57','$2y$10$4dREiHgGbbueSaEmPMczS.5S5xrRb9kXR5EUkwkzc.SbPKV2cxGDO','sdf'),
	(154,'sdf','sdf','sdf@sdf.ssdf','df','2017-10-16 17:55:21','2017-10-16 17:55:21','$2y$10$2NraXOju48EuJIudecib7Oc0lrjFGZmLQhXpJpx1C5qOegrQTx.Tm','sdf'),
	(155,'sdf','sdf','sdf@sdf.ssdf','df','2017-10-16 17:55:50','2017-10-16 17:55:50','$2y$10$BlUSd55V9SmEK6hKCmDs8.v.xUiATtLbRdTbnMhoORMdWEMiIaWTu','sdf'),
	(156,'sdf','sdf','sdf@sdf.ssdf','df','2017-10-16 17:57:58','2017-10-16 17:57:58','$2y$10$N9UgMuYx3.Trp.gXNuPT7.roWK5cLO.JUAq9WmhIxoyXmIXJTR4yG','sdf'),
	(157,'sdf','sdf','sdf@sdf.ssdf','df','2017-10-16 17:58:17','2017-10-16 17:58:17','$2y$10$KspbuB8W2smBSQtvblqWjOnlCqfaAYlVnLQn41A00j7wVZ1/Gs3F6','sdf'),
	(158,'sdf','sdf','sdf@sdf.ssdf','df','2017-10-16 17:59:33','2017-10-16 17:59:33','$2y$10$2Yr7PI6JmiVsE7KcQ9l5a.wpJ1vQa9EjDN9/0DSML0OxmR9ZhOviq','sdf'),
	(159,'sdf','sdf','sdf@sdf.ssdf','df','2017-10-16 17:59:48','2017-10-16 17:59:48','$2y$10$PSN2DsSAgovTu3EEZJ1x6ucZEw2V.MdoHM4VjQqHI4GnOhioovgp2','sdf'),
	(160,'sdf','sdf','sdf@sdf.ssdf','df','2017-10-16 18:00:04','2017-10-16 18:00:04','$2y$10$3yR57G5psZGO56CIMZkjwuwBQaqRK8aqiB.p8R2PK7AeAO5HpTIqq','sdf'),
	(161,'sdf','sdf','sdf@sdf.ssdf','df','2017-10-16 18:01:43','2017-10-16 18:01:43','$2y$10$HDPYqK0St52MBXpqfO/SNeTvCDW5Tft10kF2c4ej4k6s2a4/M00cy','sdf'),
	(162,'sdf','sdf','sdf@sdf.ssdf','df','2017-10-16 18:01:48','2017-10-16 18:01:48','$2y$10$0SPYzjwMRgm8Sftt0Y0dlOdd2Gu4Fw.Uae0XRQCje.rCpOlTE5YUy','sdf'),
	(163,'sdf','sdf','sdf@sdf.ssdf','df','2017-10-16 18:06:46','2017-10-16 18:06:46','$2y$10$3fKNtWFuJncyL4nbTkM5qO6xBnqmmuSgXZiN5K/DUxtYU42I.EMfe','sdf'),
	(164,'sdf','sdf','sdf@sdf.ssdf','df','2017-10-16 18:06:56','2017-10-16 18:06:56','$2y$10$aEmpWxMekEYtgCXGLdCk4erJkOwDrijUB3h376nqO.Jy9SBa1jati','sdf'),
	(165,'sdf','sdf','sdf@sdf.ssdf','sdf','2017-10-16 18:13:00','2017-10-16 18:13:00','$2y$10$okcHooFT1nXkG/SBRFAf7eSv6LbcUjnSrc3t7FfP.i1zLlf5HwDgS','sdf');

/*!40000 ALTER TABLE `users` ENABLE KEYS */;
UNLOCK TABLES;



/*!40111 SET SQL_NOTES=@OLD_SQL_NOTES */;
/*!40101 SET SQL_MODE=@OLD_SQL_MODE */;
/*!40014 SET FOREIGN_KEY_CHECKS=@OLD_FOREIGN_KEY_CHECKS */;
/*!40101 SET CHARACTER_SET_CLIENT=@OLD_CHARACTER_SET_CLIENT */;
/*!40101 SET CHARACTER_SET_RESULTS=@OLD_CHARACTER_SET_RESULTS */;
/*!40101 SET COLLATION_CONNECTION=@OLD_COLLATION_CONNECTION */;
